357.54,,,,,,,,,
356.44,,,,,,,,,
358.1,,,,,,,,,
352.03,,,,,,,,,
353.13,,,,,,,,,
350.37,,,,,,,,,
345.96,,,,,,,,,
352.58,,,,,,,,,
360.85,,,,,,,,,
360.85,,,,,3.31,,,,
359.2,,,,,2.76,,,,1
355.89,355.245,,,,-2.21,,,,2
352.03,354.7858333,,,,0,,,,0
350.37,354.28,,,,-2.76,,,,2
348.16,353.4516667,,,,-2.21,,,,2
341.54,352.5775,,,,-4.42,,,,2
352.58,352.5316667,,,,0,,,,0
352.58,352.7158333,,,,-8.27,,,,2
354.79,353.4516667,,,,-6.06,,,,2
361.41,354.1875,,,,2.21,,,,1
360.85,354.1875,,,,4.96,,,,1
361.96,354.28,,,,9.93,,,,1
361.96,354.51,,,,11.59,,,,1
358.65,354.74,,-0.009144657,,10.49,,2,,1
357.54,355.1991667,,-0.012211294,,16,,2,,1
363.61,356.3025,355.4219231,0.004558515,,11.03,1,2,,1
369.13,358.05,355.8676923,0.015181101,,16.55,1,2,,1
370.23,360.4408333,356.3980769,0.00297998,,15.44,1,2,,1
371.34,362.0041667,356.9073077,0.002998136,0.021556031,9.93,1,2,1,1
374.65,363.8433333,357.7773077,0.008913664,0.024517417,13.8,1,2,1,1
380.17,365.9583333,358.8173077,0.014733752,0.028431355,18.21,1,2,1,1
386.24,368.0275,360.1969231,0.015966541,0.031960119,24.28,1,2,1,1
388.99,370.3725,361.8519231,0.007119925,0.035394179,30.34,1,2,1,1
391.75,372.855,363.3584615,0.007095298,0.037765178,34.21,1,2,1,1
391.2,375.2916667,364.5257692,-0.001403957,0.038121388,27.59,1,2,1,1
385.68,377.5441667,365.4807692,-0.015494576,0.039164287,16.55,1,2,1,1
387.89,380.0733333,366.5842308,-0.009853223,0.04041355,17.66,1,2,1,1
387.34,382.0508333,367.7938462,-0.011257179,0.041479017,16,1,2,1,1
387.34,383.5683333,369.1519231,-0.011257179,0.043426121,12.69,1,2,1,1
395.62,385.6841667,370.8923077,0.009878749,0.04407389,15.45,1,2,1,1
390.65,387.2933333,372.5265385,-0.01256256,0.04356282,4.41,1,2,1,1
386.24,388.2591667,374.2457692,-0.02370962,0.042903185,-2.75,1,1,1,2
389.55,389.0408333,375.6676923,-0.015343006,0.041264635,-2.2,1,2,1,2
385.68,388.9941667,376.9407692,-0.02512512,0.038162916,-5.52,1,1,1,2
388.99,388.9941667,378.2561538,-0.016758506,0.036396006,3.31,1,2,1,1
385.68,388.4883333,379.1896154,-0.02512512,0.034386248,-2.21,1,1,1,2
386.79,388.1208333,380.1873077,-0.022319397,0.032414431,-0.55,1,1,1,2
386.79,388.2133333,381.1423077,-0.022319397,0.031235672,-0.55,1,1,1,2
386.79,388.1216667,382.0973077,-0.022319397,0.030507474,-8.83,1,1,1,2
395.62,388.8116667,383.5192308,0,0.029553153,4.97,1,2,1,1
395.06,389.455,384.9623077,-0.0014155,0.029153552,8.82,1,2,1,1
402.24,390.0066667,386.4480769,0.016733229,0.027560103,12.69,1,2,1,1
402.24,390.9725,387.7215385,0,0.025198545,16.56,1,2,1,1
403.89,392.4433333,389.0161538,0.004102029,0.023608651,14.9,1,2,1,1
403.89,393.6383333,390.2680769,0,0.022126004,18.21,1,2,1,1
399.48,394.7883333,391.2230769,-0.010918815,0.020213029,12.69,1,2,1,1
396.72,395.4325,391.8596154,-0.017752358,0.017972411,9.93,1,2,2,1
387.34,395.5708333,391.9019231,-0.040976504,0.016152216,0.55,1,1,2,1
388.44,395.7083333,391.8807692,-0.03825299,0.015965927,-7.18,1,1,2,2
381.27,395.2483333,391.4776923,-0.056005348,0.01626869,-13.79,1,1,2,2
382.93,394.9266667,391.1596154,-0.051895318,0.017507789,-19.31,1,1,2,2
377.41,393.4091667,390.8415385,-0.065562406,0.019768617,-24.83,1,1,2,2
371.34,391.4325,390.205,-0.08059125,0.022486878,-32.55,1,1,1,2
367.48,388.5358333,389.4411538,-0.090148308,0.023600328,-36.41,2,1,1,2
374.1,386.1908333,388.9319231,-0.073757706,0.025062798,-25.38,2,1,1,2
371.34,383.4783333,387.9980769,-0.08059125,0.025984551,-25.38,2,1,1,2
374.1,380.9958333,387.3615385,-0.073757706,0.027682484,-13.24,2,1,1,2
368.03,378.375,386.6611538,-0.088786551,0.028667271,-20.41,2,1,1,2
369.13,376.0758333,385.8757692,-0.086063037,0.030085703,-12.14,2,1,1,2
366.92,374.3741667,385.1542308,-0.091534824,0.031068366,-16.01,2,1,1,2
369.68,372.8108333,384.4115385,-0.08470128,0.031981451,-7.73,2,1,1,2
368.58,371.7533333,383.7538462,-0.087424794,0.03288518,-2.76,2,1,1,2
368.58,370.5575,383.0534615,-0.087424794,0.033639897,1.1,2,1,1,1
368.03,369.7758333,382.3319231,-0.088786551,0.034408883,-6.07,2,1,1,2
368.03,369.5,381.6103846,-0.088786551,0.034696723,-3.31,2,1,1,2
372.44,369.9133333,380.7188462,-0.077867736,0.034972493,-1.66,2,1,1,2
371.89,369.7291667,379.8276923,-0.079229493,0.035214509,3.86,2,1,1,1
371.34,369.7291667,378.6392308,-0.08059125,0.035132644,2.21,2,1,1,1
365.82,369.0391667,377.2384615,-0.084259537,0.035146493,-1.1,2,1,1,2
363.61,368.6708333,375.6892308,-0.083459367,0.033622185,-6.07,2,1,1,2
365.82,368.395,374.225,-0.058232932,0.032165594,-2.76,2,1,1,2
360.85,367.8891667,372.7392308,-0.071027701,0.029919248,-7.73,2,1,1,2
359.2,367.0158333,371.2961538,-0.061969551,0.026972793,-8.83,2,1,1,2
358.1,366.1425,370.1715385,-0.064842138,0.024602903,-9.93,2,1,1,2
355.89,365.085,368.9196154,-0.057020217,0.021819164,-16.55,2,1,1,2
357.54,364.2108333,368.0069231,-0.044266239,0.020309339,-14.35,2,1,1,2
361.41,363.6591667,367.1792308,-0.033921411,0.018539883,-9.93,2,1,2,2
356.99,362.3716667,366.3938462,-0.045736434,0.01911369,-8.83,2,1,2,2
350.92,360.6241667,365.6084615,-0.061962042,0.019607896,-12.69,2,1,2,2
347.61,358.6466667,364.8442308,-0.070809944,0.020679384,-18.21,2,1,1,2
347.61,357.1291667,363.8253846,-0.066668457,0.023486663,-13.24,2,1,1,2
341.54,355.29,362.6792308,-0.082966384,0.025282838,-17.66,2,1,1,2
344.85,353.5425,361.5542308,-0.074079046,0.025752515,-13.25,2,1,1,2
347.61,352.4391667,360.7688462,-0.066668457,0.026469997,-8.28,2,1,1,2
346.51,351.3816667,359.8988462,-0.069621953,0.02710029,-11.03,2,1,1,2
343.2,350.14,358.9865385,-0.07850929,0.027598356,-18.21,2,1,1,2
347.06,349.4041667,358.1165385,-0.068145205,0.027954934,-9.93,2,1,1,2
345.96,348.4391667,357.2465385,-0.0710987,0.028410445,-4.96,2,1,1,2
345.41,347.1058333,356.3553846,-0.072575448,0.02795514,-2.2,2,1,1,2
350.37,346.5541667,355.6761538,-0.057866573,0.027324305,2.76,2,1,1,1
355.61,346.945,355.1984615,-0.042360101,0.026613416,14.07,2,1,1,1
358.1,347.8191667,354.6469231,-0.021103275,0.025952102,13.25,2,1,1,1
359.75,348.8308333,354.18,-0.01659286,0.02544712,12.14,2,2,1,1
363.06,350.6241667,353.8615385,-0.007544694,0.024217451,16.55,2,2,1,1
363.61,352.1875,353.7765385,0.001514901,0.023333209,20.41,2,2,1,1
366.37,353.7508333,353.8826923,0.00759055,0.023689037,19.31,2,2,1,1
372.99,355.9575,354.1584615,0.018069165,0.023846229,27.03,1,2,1,1
366.92,357.9341667,354.3919231,-0.016273895,0.024073643,21.51,1,2,1,1
365.82,359.4975,354.6465385,-0.019223035,0.024207004,15.45,1,2,1,1
366.92,361.2441667,354.9857692,-0.016273895,0.02472318,11.31,1,2,1,1
366.37,362.9908333,355.3888462,-0.017748465,0.025344996,8.27,1,2,1,1
366.92,364.37,355.7496154,-0.016273895,0.025954756,7.17,1,2,1,1
366.92,365.3125,355.9615385,-0.016273895,0.026308585,3.86,1,2,1,1
364.72,365.8641667,356.2588462,-0.022172176,0.026832493,1.11,1,1,1,1
366.92,366.4616667,356.8742308,-0.016273895,0.027477236,0.55,1,2,1,1
369.13,366.9675,357.7019231,-0.010348803,0.02778955,-3.86,1,2,1,2
365.27,367.1058333,358.3811538,-0.020697606,0.027712902,-1.65,1,1,1,2
363.61,366.8758333,359.23,-0.025148127,0.027371584,-2.21,1,1,1,2
365.27,366.2325,360.0153846,-0.020697606,0.02673738,-1.65,1,1,1,2
361.41,365.7733333,360.5461538,-0.031046409,0.025191294,-4.96,1,1,1,2
365.27,365.7275,361.2676923,-0.020697606,0.024022377,-1.65,1,1,1,2
365.82,365.6358333,362.1376923,-0.019223035,0.022973682,-1.1,1,2,1,2
360.85,365.1758333,362.6680769,-0.032547789,0.021679072,-3.87,1,1,1,2
358.1,364.4408333,363.135,-0.039920641,0.01946117,-8.82,1,1,2,2
358.65,363.7516667,363.6442308,-0.038446071,0.017947577,-10.48,1,1,2,2
357.54,363.1533333,363.92,-0.041422022,0.015947551,-7.73,2,1,2,2
357.54,362.3716667,363.9942308,-0.041422022,0.013385166,-6.07,2,1,2,2
357.54,361.4058333,363.9726923,-0.041422022,0.011892813,-7.73,2,1,2,2
358.1,360.8083333,363.9092308,-0.039920641,0.011389344,-3.31,2,1,2,2
359.2,360.4408333,363.7607692,-0.036971501,0.011539338,-6.07,2,1,2,2
356.99,359.7508333,363.5061538,-0.032888142,0.012216059,-8.83,2,1,2,2
354.79,359.1991667,363.0607692,-0.038848102,0.015400399,-6.06,2,1,2,2
344.85,357.4975,361.9784615,-0.065776285,0.017578757,-13.25,2,1,2,2
345.96,355.8425,361.1723077,-0.062769214,0.020600452,-12.69,2,1,1,2
340.44,354.1416667,360.1961538,-0.077723295,0.021953723,-17.1,2,1,1,2
341.54,352.7616667,359.22,-0.074743315,0.024116618,-16,2,1,1,2
339.34,351.1525,358.1803846,-0.080703275,0.02581653,-18.2,2,1,1,2
339.89,349.6816667,357.1407692,-0.079213285,0.027091354,-18.21,2,1,1,2
339.89,348.2108333,356.1011538,-0.079213285,0.027432792,-19.31,2,1,1,2
344.85,347.1533333,355.3369231,-0.057323274,0.02711826,-12.14,2,1,1,2
349.82,346.4633333,354.6792308,-0.043737357,0.026531359,-4.97,2,1,1,2
353.68,346.0033333,354.085,-0.03318572,0.026105816,8.83,2,1,1,1
353.68,345.7275,353.6392308,-0.03318572,0.02532999,7.72,2,1,1,1
354.23,345.6808333,353.2784615,-0.031682248,0.024138271,13.79,2,1,1,1
351.75,346.2558333,352.7584615,-0.038461538,0.023412472,10.21,2,1,1,1
351.47,346.715,352.3761538,-0.02599418,0.022881585,12.13,2,1,1,1
356.99,348.0941667,352.0576923,-0.006152561,0.023364365,17.1,2,2,1,1
368.03,350.3016667,352.1426923,0.024582405,0.024277892,28.14,2,2,1,1
368.03,352.6925,352.4188462,0,0.024681226,23.18,1,2,1,1
368.03,355.0375,352.8007692,0,0.026550569,18.21,1,2,1,1
375.75,358.0258333,353.4584615,0.020976551,0.028050338,22.07,1,2,1,1
372.44,360.325,354.0315385,-0.008809049,0.029330932,18.76,1,2,1,1
371.34,362.1183333,354.5623077,-0.011736527,0.030649707,17.11,1,2,1,1
372.44,363.6816667,355.1353846,-0.008809049,0.031367247,20.69,1,2,1,1
368.58,364.9233333,355.5384615,-0.019081836,0.031749048,17.11,1,2,1,1
365.82,365.8891667,355.7930769,-0.026427146,0.032162775,8.83,1,1,1,1
366.37,367.1075,356.1538462,-0.024963407,0.032549493,-1.66,1,1,1,2
366.37,368.3491667,356.5992308,-0.024963407,0.033266341,-1.66,1,1,1,2
370.23,369.4525,357.5753846,-0.014690619,0.034487021,2.2,1,2,1,1
374.65,370.0041667,358.6788462,-0.002927478,0.035980183,-1.1,1,2,1,2
377.96,370.8316667,360.1219231,0.00588157,0.037207719,5.52,1,2,1,1
382.37,372.0266667,361.6923077,0.011667901,0.038563055,11.03,1,2,1,1
385.13,372.8083333,363.4534615,0.007218139,0.039594535,12.69,1,2,1,1
390.1,374.28,365.3846154,0.012904733,0.039961853,21.52,1,2,1,1
388.99,375.7508333,367.2730769,-0.002845424,0.038834326,23.17,1,2,1,1
385.13,376.8083333,368.8223077,-0.012740323,0.036960993,18.76,1,2,1,1
382.37,377.9575,370.0742308,-0.019815432,0.034143351,16,1,2,1,1
377.41,378.9233333,370.9869231,-0.03253012,0.032028384,7.18,1,1,1,1
379.61,380.0266667,371.9842308,-0.026890541,0.030725968,4.96,1,1,1,1
382.37,381.36,373.0665385,-0.019815432,0.030103253,4.41,1,2,1,1
385.68,382.6475,374.3715385,-0.011330428,0.028723395,3.31,1,2,1,1
380.72,383.1533333,375.4965385,-0.024045117,0.026956226,-4.41,1,1,1,2
376.3,383.015,376.2392308,-0.035375545,0.024433393,-13.8,1,1,1,2
378.51,382.6933333,376.6423077,-0.029710331,0.021380779,-10.48,1,1,1,2
380.72,382.3258333,377.1303846,-0.024045117,0.019140203,-4.41,1,1,2,2
380.72,381.5441667,377.6184615,-0.024045117,0.018740936,-1.65,1,1,2,2
381.82,380.9466667,377.8519231,-0.021225327,0.018855389,4.41,1,1,2,1
387.89,381.1766667,378.4461538,-0.005665214,0.01893146,8.28,1,2,2,1
388.99,381.7283333,379.125,-0.002845424,0.019387191,6.62,1,2,2,1
387.89,382.6016667,379.7192308,-0.005665214,0.019615764,2.21,1,2,2,1
388.44,383.3375,380.4830769,-0.004255319,0.020191721,7.72,1,2,1,1
392.86,384.2116667,381.5230769,0.007075109,0.02059637,16.56,1,2,1,1
392.31,384.7641667,382.5207692,-0.00139999,0.020236964,13.8,1,2,1,1
391.75,385.6833333,383.4969231,-0.002825434,0.018568411,11.03,1,2,2,1
384.58,386.3733333,384.0488462,-0.02107621,0.016764422,3.86,1,1,2,1
379.61,386.465,384.2396154,-0.033727027,0.01456579,-2.21,1,1,2,2
382.37,386.6025,384.4092308,-0.026701624,0.013338574,-5.52,1,1,2,2
377.41,386.3266667,384.2184615,-0.039326987,0.013615109,-11.58,1,1,2,2
372.99,385.5908333,383.7515385,-0.050577814,0.013611614,-14.9,1,1,2,2
377.96,384.7633333,383.2846154,-0.037926997,0.013675916,-10.48,1,1,2,2
380.72,384.0741667,382.9665385,-0.030901593,0.013668161,-12.14,1,1,2,2
384.58,383.7983333,382.9453846,-0.02107621,0.01424391,-7.73,1,1,2,2
393.96,384.2583333,383.3911538,0.00279998,0.015519742,2.21,1,2,2,1
397.27,384.6258333,384.155,0.008401868,0.016337328,12.69,1,2,2,1
394.51,384.8091667,384.7280769,-0.006947416,0.016297727,14.9,1,2,2,1
385.13,384.2575,384.8342308,-0.030558562,0.015944975,2.76,2,1,2,1
386.79,384.4416667,384.8769231,-0.026380044,0.015760316,9.38,2,1,2,1
382.93,384.7183333,384.9619231,-0.036096358,0.01571842,9.94,2,1,2,1
383.48,384.8108333,385.2380769,-0.034711909,0.01578384,5.52,2,1,2,1
387.89,385.6841667,385.5988462,-0.023611146,0.015661663,7.17,1,1,2,1
386.24,386.7883333,385.8111538,-0.027764493,0.015041535,1.66,1,1,2,1
384.03,387.2941667,385.9384615,-0.03332746,0.014718802,-9.93,1,1,2,2
382.37,387.4316667,385.9596154,-0.037505978,0.01454069,-14.9,1,1,2,2
384.03,387.3858333,385.8111538,-0.03332746,0.014394571,-10.48,1,1,2,2
388.44,386.9258333,385.79,-0.022226697,0.014521998,3.31,1,1,2,1
380.17,385.5008333,385.4930769,-0.043043774,0.016277045,-6.62,1,1,2,2
370.23,383.4775,384.7926923,-0.06806454,0.019931234,-12.7,2,1,2,2
360.85,381.4541667,383.5615385,-0.091675687,0.021741461,-22.63,2,1,1,2
365.82,379.7066667,382.5426923,-0.079165303,0.022956676,-22.07,2,1,1,2
367.48,378.4191667,381.6092308,-0.074986785,0.023259962,-18.76,2,1,1,2
369.68,377.2691667,381.0361538,-0.069448989,0.024146117,-14.35,2,1,1,2
364.72,375.3383333,380.4634615,-0.081934201,0.025458999,-17.65,2,1,1,2
360.85,373.2225,379.6357692,-0.091675687,0.026236771,-23.18,2,1,1,2
366.37,371.7508333,379.2111538,-0.077780854,0.026662947,-22.07,2,1,1,2
370.23,370.7391667,379.105,-0.06806454,0.027390299,-9.94,2,1,1,2
365.82,369.2216667,378.6380769,-0.079165303,0.028503818,-4.41,2,1,1,2
362.51,367.0608333,377.9376923,-0.087497168,0.030630999,1.66,2,1,1,1
354.79,364.9458333,376.7919231,-0.100681859,0.034534821,-11.03,2,1,1,2
344.85,362.8308333,374.9030769,-0.112218103,0.037990532,-22.63,2,1,1,2
343.75,361.4058333,372.8446154,-0.115049943,0.040930051,-25.93,2,1,1,2
342.65,359.475,370.85,-0.117881784,0.042119261,-22.07,2,1,1,2
344.3,357.5433333,369.2796154,-0.113634023,0.04231451,-16.55,2,1,1,2
344.3,355.4283333,367.6453846,-0.113634023,0.041805405,-22.07,2,1,1,2
348.72,354.095,366.3296154,-0.102255175,0.042881481,-21.51,2,1,1,2
343.2,352.6241667,364.7803846,-0.116465863,0.043391825,-22.62,2,1,1,2
342.65,350.6475,363.0403846,-0.117881784,0.043562979,-19.86,2,1,1,2
346.51,348.6708333,361.5123077,-0.107944599,0.043369978,-8.28,2,1,1,2
346.51,347.0616667,360.0692308,-0.107944599,0.042180638,1.66,2,1,1,1
346.51,345.7283333,358.69,-0.088539338,0.041074245,2.76,2,1,1,1
344.3,344.8541667,357.1619231,-0.070037544,0.039899007,1.65,2,1,1,1
344.3,344.8083333,355.4642308,-0.070037544,0.038442904,0,2,1,1,0
345.96,344.9925,354.1484615,-0.065553845,0.035855372,1.66,2,1,1,1
352.58,345.82,353.4696154,-0.047673068,0.031498014,3.86,2,1,1,1
355.34,346.74,353.2576923,-0.040218243,0.028530188,12.14,2,1,1,1
354.79,347.6141667,352.8334615,-0.041703806,0.02730854,12.14,2,1,1,1
349.82,347.7058333,352.1542308,-0.055127893,0.027801961,3.31,2,1,1,1
340.99,347.5216667,351.0507692,-0.078977933,0.027759987,-5.52,2,1,1,2
339.34,347.2458333,350.0746154,-0.083434622,0.028450617,-7.17,2,1,1,2
331.61,346.0041667,348.95,-0.093515937,0.027554061,-12.69,2,1,1,2
336.03,345.1308333,347.7830769,-0.073046261,0.028319746,-8.27,2,1,1,2
329.4,343.705,346.2126923,-0.073000507,0.028378428,-16.56,2,1,1,2
334.92,342.9233333,345.0242308,-0.057466089,0.028876205,-17.66,2,1,1,2
324.99,341.3141667,343.5811538,-0.085411156,0.026882959,-30.35,2,1,1,2
329.96,339.9808333,342.6261538,-0.071424551,0.024846495,-24.83,2,1,1,2
333.82,338.4175,342.2019231,-0.060561716,0.022828548,-16,2,1,1,2
336.03,336.8083333,341.905,-0.05434232,0.022177623,-4.96,2,1,1,2
334.92,335.1525,341.6076923,-0.057466089,0.022159622,-4.42,2,1,1,2
340.99,334.4166667,341.4803846,-0.040383858,0.022595892,9.38,2,1,1,1
349.82,335.1525,341.6926923,-0.015534418,0.02414875,13.79,2,2,1,1
357.54,336.6691667,342.0319231,0.006191253,0.024808104,28.14,2,2,1,1
353.13,338.4625,342.4138462,-0.012334284,0.025775947,18.21,2,2,1,1
355.89,340.1175,342.9230769,-0.004614868,0.026943321,30.9,2,2,1,1
358.65,342.555,343.39,0.003104548,0.02742574,28.69,2,2,1,1
353.13,344.0725,343.6446154,-0.01539105,0.028005763,19.31,1,2,1,1
354.79,346.5558333,343.9630769,-0.010762582,0.028592607,18.76,1,2,1,1
355.34,348.6708333,344.3876923,-0.009229053,0.029798622,20.42,1,2,1,1
360.3,350.8775,345.0030769,0.004600586,0.031319528,19.31,1,2,1,1
363.06,353.13,345.6607692,0.007660283,0.032249539,13.24,1,2,1,1
360.3,355.245,345.9576923,-0.007602049,0.032353356,2.76,1,2,1,1
352.58,356.2108333,345.8515385,-0.028865752,0.032650586,-0.55,1,1,1,2
355.34,356.6708333,345.8726923,-0.021263703,0.03311039,-0.55,1,1,1,2
358.65,356.7633333,346.2123077,-0.012146753,0.033931236,0,1,2,1,0
363.06,357.5908333,347.0611538,0,0.035060796,9.93,1,2,1,1
365.27,358.3725,348.0584615,0.006087148,0.035986462,10.48,1,2,1,1
363.06,358.74,349.2680769,-0.006050319,0.036781544,7.72,1,2,1,1
364.72,359.7058333,350.3715385,-0.001505735,0.036900455,4.42,1,2,1,1
361.41,360.2575,351.6026923,-0.010567525,0.036038442,-1.65,1,2,1,2
362.51,360.855,352.6638462,-0.007556054,0.035389094,2.21,1,2,1,1
360.85,360.9008333,354.0430769,-0.012100638,0.033907027,8.27,1,2,1,1
365.82,361.1308333,355.4223077,0.001505735,0.032433503,10.48,1,2,1,1
357.54,360.9008333,356.3346154,-0.022634082,0.028346678,-1.11,1,1,1,2
354.79,361.085,357.0561538,-0.030151441,0.024924573,-8.27,1,1,1,2
353.13,360.9008333,357.7565385,-0.034689191,0.02199026,-12.14,1,1,1,2
353.68,360.4866667,358.2446154,-0.03318572,0.019292381,-9.38,1,1,2,2
351.47,359.5208333,358.3080769,-0.039226942,0.016990478,-13.25,1,1,2,2
343.2,357.6816667,357.7565385,-0.061833689,0.017892055,-18.21,2,1,2,2
337.68,355.5666667,357.1623077,-0.076923077,0.018700066,-24.83,2,1,2,2
344.3,353.865,356.7165385,-0.058826745,0.018863469,-16.55,2,1,2,2
352.03,353.0833333,356.4619231,-0.037696135,0.019076582,-13.79,2,1,2,2
350.37,352.0716667,356.3557692,-0.042233886,0.019149685,-7.17,2,1,2,2
353.13,351.4283333,356.2919231,-0.034689191,0.019178686,-1.66,2,1,2,2
353.13,350.3708333,356.2069231,-0.034689191,0.019153331,0,2,1,2,0
358.1,350.4175,356.1223077,-0.021103275,0.019225465,4.42,2,1,2,1
359.75,350.8308333,355.995,-0.01659286,0.019220296,8.28,2,2,2,1
357.54,351.1983333,355.8888462,-0.022634082,0.019158142,14.34,2,1,2,1
359.2,351.6583333,356.1434615,-0.018096332,0.019111762,21.52,2,2,2,1
362.51,352.5783333,356.4192308,-0.009048166,0.019002719,18.21,2,2,2,1
355.89,353.6358333,356.3130769,-0.027144497,0.018933569,3.86,2,1,2,1
358.65,355.3833333,356.1434615,-0.019599803,0.018936788,8.28,2,2,2,1
358.1,356.5333333,355.8676923,-0.021103275,0.018915408,4.97,1,1,2,1
358.1,357.0391667,355.6769231,-0.021103275,0.018735762,4.97,1,1,2,1
360.85,357.9125,355.5280769,-0.013585917,0.018382303,2.75,1,2,2,1
361.96,358.6483333,355.5492308,-0.010551637,0.018239836,2.21,1,2,2,1
361.41,359.3383333,355.5069231,-0.003034399,0.01804473,3.87,1,2,2,1
363.06,359.7516667,355.5919231,0.0015172,0.019538578,3.86,1,2,2,1
371.34,360.7175,355.8042308,0.022806148,0.02163386,8.83,1,2,1,1
375.2,362.1891667,356.4834615,0.010394786,0.023542631,19.31,1,2,1,1
375.2,363.5225,357.2684615,0,0.025361556,16.55,1,2,1,1
377.41,364.7641667,358.2023077,0.005890192,0.027399538,19.31,1,2,1,1
377.96,366.6033333,359.1361538,0.001457301,0.029560148,19.86,1,2,1,1
380.72,368.4425,360.2611538,0.00730236,0.03134804,19.87,1,2,1,1
381.27,370.3733333,361.7253846,0.001444631,0.032726719,19.31,1,2,1,1
380.72,372.2583333,363.3807692,-0.001442547,0.03409501,19.31,1,2,1,1
383.48,374.1441667,364.8876923,0.005796417,0.034223293,20.42,1,2,1,1
384.58,376.0291667,366.1396154,0.002868468,0.03196324,13.24,1,2,1,1
379.06,377.5,367.2430769,-0.014353321,0.030734458,3.86,1,2,1,1
380.72,378.9716667,368.3042308,-0.010036923,0.030163464,5.52,1,2,1,1
377.96,379.5233333,369.2592308,-0.017213584,0.029139475,0.55,1,2,1,1
377.96,379.7533333,370.0230769,-0.017213584,0.028301652,0,1,2,1,0
377.96,379.9833333,370.7234615,-0.017213584,0.027438835,-2.76,1,2,1,2
380.17,380.2133333,371.5938462,-0.011467055,0.026966884,-1.1,1,2,1,2
379.06,380.305,372.3576923,-0.014353321,0.026417763,-1.66,1,2,1,2
376.86,379.9833333,372.9096154,-0.020073847,0.025464941,-6.62,1,1,1,2
376.86,379.6158333,373.7161538,-0.020073847,0.024599838,-7.72,1,1,1,2
376.86,379.2941667,374.4165385,-0.020073847,0.023978784,-2.2,1,1,1,2
374.1,378.5125,375.0319231,-0.027250507,0.022227604,-6.62,1,1,1,2
375.2,377.7308333,375.6896154,-0.024390244,0.020796186,-2.76,1,1,1,2
371.89,377.1333333,376.1142308,-0.032997036,0.019271494,-6.07,1,1,2,2
368.58,376.1216667,376.3688462,-0.041603828,0.01727543,-9.38,2,1,2,2
376.86,376.03,376.9630769,-0.020073847,0.015777309,-3.31,2,1,2,2
370.79,375.4325,377.2603846,-0.035857299,0.014663003,-8.27,2,1,2,2
368.03,374.605,377.1330769,-0.043033959,0.013679037,-8.83,2,1,2,2
365.82,373.4091667,376.7723077,-0.048780488,0.013175323,-11.04,2,1,2,2
365.27,372.26,376.3903846,-0.050210619,0.014621607,-11.59,2,1,2,2
362.51,371.0641667,375.8173077,-0.05738728,0.014670542,-11.59,2,1,2,2
373.55,370.7883333,375.6476923,-0.028680639,0.014696166,-1.65,2,1,2,2
374.65,370.6041667,375.4142308,-0.025820375,0.014676045,2.76,2,1,2,1
375.2,370.6958333,375.1807692,-0.024390244,0.014668227,6.62,2,1,2,1
373.55,370.5583333,374.905,-0.018832738,0.014441977,-3.31,2,2,2,2
374.1,370.7425,374.5442308,-0.017388107,0.014124166,3.31,2,2,2,1
375.2,371.2941667,374.1834615,-0.013073099,0.013851449,7.17,2,2,2,1
373.55,371.0183333,373.9715385,-0.017413262,0.013131011,7.73,2,2,2,1
374.65,371.34,373.7380769,-0.01451982,0.012246619,9.38,2,2,2,1
370.23,371.5233333,373.4407692,-0.026146198,0.011990112,7.72,2,1,2,1
374.65,372.2591667,373.3134615,-0.011634042,0.01147644,1.1,2,2,2,1
374.1,372.995,373.165,-0.007323675,0.011280357,-0.55,2,2,2,2
372.44,373.8225,372.8676923,-0.011728493,0.01111606,-2.76,1,2,2,2
370.79,373.5925,372.5496154,-0.016106777,0.010941492,-2.76,1,2,2,2
370.23,373.2241667,372.2946154,-0.01759274,0.0105003,-3.87,1,2,2,2
368.58,372.6725,371.9761538,-0.021971024,0.010802841,-6.62,1,1,2,2
380.72,373.27,372.1246154,0.01024253,0.01117287,7.17,1,2,2,1
379.61,373.7291667,372.3365385,-0.002915528,0.015106016,4.96,1,2,2,1
393.41,375.2466667,373.0369231,0.033331582,0.017480744,23.18,1,2,2,1
391.2,376.7175,373.7796154,-0.005617549,0.019742596,16.55,1,2,2,1
392.31,378.1891667,374.6923077,-0.002796065,0.023618765,18.21,1,2,1,1
400.58,380.7183333,375.6046154,0.018225261,0.027023217,28.14,1,2,1,1
402.24,383.0175,376.8142308,0.004143991,0.030002886,31.45,1,2,1,1
404.44,385.5458333,378.2146154,0.005469372,0.033279641,34.21,1,2,1,1
407.2,388.4425,379.8061538,0.006824251,0.035567318,38.62,1,2,1,1
406.1,391.385,381.3765385,-0.002701375,0.036404506,25.38,1,2,1,1
401.13,393.96,382.8619231,-0.01490668,0.036020349,21.52,1,2,1,1
394.51,396.1208333,383.6680769,-0.031164047,0.035684523,1.1,1,1,1,1
397.82,397.5458333,384.5592308,-0.023035363,0.034269031,6.62,1,1,1,1
391.75,398.5575,385.1957692,-0.037942043,0.033816978,-0.56,1,1,1,2
388.99,398.1891667,385.7896154,-0.044720039,0.033606025,-11.59,1,1,1,2
392.86,398.3275,386.5111538,-0.03521611,0.03329348,-9.38,1,1,1,2
391.2,398.235,387.1265385,-0.039292731,0.032741931,-13.24,1,1,1,2
390.65,397.4075,387.7842308,-0.040643418,0.032353825,-16.55,1,1,1,2
395.06,396.8091667,388.5692308,-0.02981336,0.032913367,-11.04,1,1,1,2
405.55,396.9016667,389.9276923,-0.004052063,0.03286191,4.42,1,2,1,1
403.89,396.6258333,391.0523077,-0.008128684,0.032846368,9.38,1,2,1,1
405.55,396.58,392.2619231,-0.004052063,0.031991947,7.73,1,2,1,1
405.55,396.9483333,393.5353846,-0.004052063,0.031505372,13.8,1,2,1,1
406.1,397.9141667,394.8934615,-0.002701375,0.030420623,17.11,1,2,1,1
402.79,398.3283333,396.1457692,-0.010830059,0.029739415,9.93,1,2,1,1
412.17,400.03,397.8223077,0.012205305,0.028154963,20.97,1,2,1,1
411.07,401.87,398.9896154,-0.002668802,0.026703167,20.42,1,2,1,1
417.13,403.8925,400.4326923,0.01203387,0.02422481,22.07,1,2,1,1
418.24,406.1458333,401.3876923,0.002661041,0.023414641,12.69,1,2,1,1
415.48,408.215,402.3215385,-0.006599082,0.021952087,11.59,1,2,1,1
415.48,409.9166667,403.2126923,-0.006599082,0.021767069,9.93,1,2,1,1
409.96,410.2841667,403.5734615,-0.019797246,0.021109639,4.41,1,2,1,1
407.2,410.56,403.7642308,-0.026396327,0.020711282,1.1,1,1,1,1
411.07,411.02,404.0192308,-0.017143267,0.021425494,8.28,1,2,1,1
416.58,411.9391667,404.38,-0.003969013,0.022605508,4.41,1,2,1,1
420.45,413.135,404.9319231,0.005284047,0.023655684,9.38,1,2,1,1
420.45,414.6066667,405.675,0,0.02458097,3.32,1,2,1,1
420.45,415.2966667,406.6726923,0,0.025489976,2.21,1,2,1,1
421,416.1241667,407.5642308,0.001308122,0.026091179,5.52,1,2,1,1
420.45,416.4008333,408.6680769,-0.001306413,0.025895923,4.97,1,2,1,1
419.34,416.4925,409.8353846,-0.003942993,0.026191552,9.38,1,2,1,1
422.65,417.09,410.9811538,0.00391924,0.025450151,15.45,1,2,1,1
421.55,417.5958333,412.1484615,-0.002602626,0.023805939,10.48,1,2,1,1
420.45,418.47,413.2946154,-0.005205253,0.022601561,3.87,1,2,1,1
421.55,419.6658333,414.3134615,-0.002602626,0.020767941,1.1,1,2,1,1
422.1,420.585,414.95,-0.001301313,0.018253908,1.65,1,2,2,1
422.1,421.045,415.6503846,-0.001301313,0.016167704,1.65,1,2,2,1
421.55,421.1366667,416.2657692,-0.002602626,0.015561113,0.55,1,2,2,1
418.24,420.9525,416.7538462,-0.010434165,0.014747697,-2.21,1,2,2,2
421,420.9983333,417.3269231,-0.003903939,0.014116547,1.66,1,2,2,1
422.1,421.09,418.0696154,-0.001301313,0.013355869,-0.55,1,2,2,2
422.65,421.2733333,418.4726923,0,0.012308577,1.1,1,2,2,1
418.79,421.2275,418.7696154,-0.009132852,0.010212882,-1.66,1,2,2,2
419.89,420.9975,418.8757692,-0.006530226,0.009800538,-1.66,1,2,2,2
418.24,420.7216667,418.8757692,-0.010434165,0.009178737,-3.86,1,2,2,2
419.34,420.6291667,419.0242308,-0.007831539,0.009354906,-2.76,1,2,2,2
414.38,420.0316667,418.9819231,-0.019567018,0.009723009,-7.17,1,2,2,2
412.72,419.25,419.0880769,-0.023494617,0.010878955,-5.52,1,1,2,2
407.2,418.0083333,419.0880769,-0.036555069,0.011510107,-13.8,2,1,2,2
409.41,416.9966667,419.0242308,-0.031326156,0.011369115,-12.69,2,1,2,2
411.07,416.3991667,418.8123077,-0.027398557,0.011161881,-11.58,2,1,2,2
408.31,415.3416667,418.3453846,-0.033928783,0.011572689,-10.48,2,1,2,2
408.31,414.1925,417.8784615,-0.033928783,0.012103333,-11.58,2,1,2,2
409.96,413.135,417.475,-0.030024843,0.013409584,-8.28,2,1,2,2
404.44,411.9391667,416.8380769,-0.043085295,0.013974246,-14.9,2,1,2,2
407.75,410.9275,416.3496154,-0.035253756,0.014919046,-6.63,2,1,2,2
404.44,409.7775,415.7765385,-0.043085295,0.016411695,-8.28,2,1,2,2
400.03,408.1683333,414.9065385,-0.053519461,0.01850361,-7.17,2,1,2,2
395.62,406.605,413.9092308,-0.063953626,0.020571302,-13.79,2,1,1,2
393.96,405.0416667,412.8903846,-0.067881226,0.020815975,-17.11,2,1,1,2
402.24,404.6283333,412.1476923,-0.048290548,0.021345277,-6.07,2,1,1,2
399.48,403.8008333,411.2776923,-0.054820774,0.021449543,-8.83,2,1,1,2
402.79,403.1108333,410.535,-0.046989235,0.021154896,-7.17,2,1,1,2
405.55,402.8808333,409.9196154,-0.040459009,0.020625884,1.11,2,1,1,1
407.2,402.7883333,409.495,-0.036555069,0.019994553,-0.55,2,1,2,2
407.2,402.5583333,408.9642308,-0.030222201,0.019341898,2.76,2,1,2,1
406.65,402.7425,408.37,-0.031532068,0.018976972,6.62,2,1,2,1
406.65,402.6508333,407.7546154,-0.03026184,0.018178025,11.03,2,1,2,1
407.75,402.9266667,407.33,-0.02763867,0.01739467,13.79,2,1,2,1
415.48,404.2141667,407.1603846,0.002654568,0.016824684,13.24,2,2,2,1
418.79,406.145,407.1815385,0.007966689,0.017524523,19.31,2,2,2,1
423.2,408.5816667,407.33,0.010530337,0.018896595,20.41,1,2,2,1
427.62,410.6966667,407.8392308,0.010444234,0.019911717,22.07,1,2,2,1
425.41,412.8575,408.3273077,-0.00516814,0.020649402,18.21,1,2,1,1
424.86,414.6966667,409.0065385,-0.006454329,0.020915943,17.66,1,2,1,1
418.24,415.7541667,409.3461538,-0.021935363,0.021100524,11.59,1,1,1,1
416.58,416.5358333,409.5580769,-0.025817314,0.021066057,9.93,1,1,1,1
410.51,416.8116667,409.6426923,-0.04001216,0.02113344,2.76,1,1,1,1
413.82,417.4091667,409.8546154,-0.032271643,0.02112341,-1.66,1,1,1,2
409.41,417.6391667,409.8334615,-0.042584538,0.021118347,-9.38,1,1,1,2
408.31,417.6858333,409.9823077,-0.045156915,0.021113811,-14.89,1,1,1,2
411.07,417.3183333,410.11,-0.038702586,0.021121278,-16.55,1,1,1,2
411.07,416.675,410.365,-0.038702586,0.021056331,-14.34,1,1,1,2
414.38,415.94,410.9169231,-0.030962069,0.021013099,-10.48,1,1,1,2
409.96,414.4683333,411.4684615,-0.041298349,0.020844917,-8.28,1,1,1,2
408.31,413.0433333,412.0203846,-0.045156915,0.020258782,-8.27,1,1,1,2
410.51,411.8475,412.3384615,-0.04001216,0.01896914,0,2,1,2,0
409.96,411.1575,412.7415385,-0.041298349,0.017138944,-3.86,2,1,2,2
410.51,410.6516667,413.0384615,-0.04001216,0.016609358,1.1,2,1,2,1
408.31,410.4683333,413.1446154,-0.045156915,0.01556804,0,2,1,2,0
409.96,410.1466667,413.2507692,-0.041298349,0.014970807,-1.11,2,1,2,2
409.41,410.1466667,413.3357692,-0.042584538,0.014614937,-1.66,2,1,2,2
411.07,410.3766667,413.5057692,-0.038702586,0.014386485,-3.31,2,1,2,2
411.62,410.4225,413.6969231,-0.037416398,0.014164325,1.66,2,1,2,1
415.48,410.79,413.9942308,-0.028389692,0.014348519,7.17,2,1,2,1
422.1,411.4333333,414.2488462,-0.012908657,0.014469586,11.59,2,2,2,1
422.65,412.4908333,414.3973077,-0.006487859,0.014319117,12.69,2,2,2,1
419.89,413.4558333,414.27,-0.011697971,0.014671089,9.38,2,2,2,1
422.1,414.4216667,414.0576923,-0.001301313,0.014772935,13.79,1,2,2,1
420.45,415.2958333,413.8669231,-0.005205253,0.014325976,10.49,1,2,2,1
412.17,415.4341667,413.3788462,-0.02479593,0.013446704,2.76,1,1,2,1
406.65,415.2958333,412.9330769,-0.037856382,0.012375739,-4.42,1,1,2,2
414.38,415.6641667,412.8484615,-0.019567018,0.011243457,2.76,1,2,2,1
414.38,416.0783333,412.9973077,-0.019567018,0.01126144,-1.1,1,2,2,2
407.75,415.8016667,412.7638462,-0.035253756,0.011199807,-14.35,1,1,2,2
409.96,415.6633333,412.785,-0.030024843,0.011167472,-12.69,1,1,2,2
412.17,415.3875,412.9334615,-0.02479593,0.011228252,-7.72,1,1,2,2
415.48,414.8358333,413.1030769,-0.016964391,0.01170987,-6.62,1,2,2,2
421,414.6983333,413.485,-0.003903939,0.011801028,0.55,1,2,2,1
419.34,414.6525,413.6757692,-0.007831539,0.012263425,7.17,1,2,2,1
421.55,414.6066667,414.1215385,-0.002602626,0.01279108,14.9,1,2,2,1
422.65,414.79,414.6730769,0,0.013189218,8.27,1,2,2,1
421.55,415.5716667,415.0976923,-0.002602626,0.01317389,7.17,1,2,2,1
419.34,416.6291667,415.4584615,-0.007831539,0.012838945,11.59,1,2,2,1
417.13,416.8583333,415.7130769,-0.013060452,0.012808924,7.17,1,2,2,1
419.89,417.3175,416.1584615,-0.006530226,0.013277391,7.72,1,2,2,1
425.41,418.7891667,416.7526923,0.006530226,0.013449458,9.93,1,2,2,1
423.76,419.9391667,417.3046154,-0.003878611,0.013068195,2.76,1,2,2,1
421.55,420.7208333,417.7076923,-0.0090736,0.013104211,2.21,1,2,2,1
424.86,421.5025,418.2169231,-0.00129287,0.012791174,3.31,1,2,2,1
423.2,421.6858333,418.5138462,-0.005194988,0.012399328,0.55,1,2,2,1
416.58,421.4558333,418.3015385,-0.020756447,0.012022095,-4.97,1,1,2,2
418.24,421.18,418.1319231,-0.016854329,0.011945515,-1.1,1,2,2,2
418.24,420.8125,418.0684615,-0.016854329,0.011822884,1.11,1,2,2,1
418.24,420.5366667,417.92,-0.016854329,0.011742819,-1.65,1,2,2,2
414.93,420.1691667,417.7076923,-0.024635058,0.011732089,-10.48,1,1,2,2
416.58,420.1233333,417.8773077,-0.020756447,0.013735896,-7.18,1,1,2,2
401.13,418.56,417.665,-0.057074352,0.014589306,-20.42,1,1,2,2
405.55,416.905,417.3253846,-0.046684375,0.014464839,-19.31,2,1,2,2
416.86,416.33,417.4207692,-0.020098258,0.013706377,-6.34,2,1,2,2
418.79,416.1,417.8453846,-0.015561458,0.013658396,2.21,2,2,2,1
419.34,415.64,418.2061538,-0.014268588,0.01360438,1.1,2,2,2,1
419.34,415.3183333,418.4819231,-0.014268588,0.012824542,1.1,2,2,2,1
417.13,415.3641667,418.5453846,-0.019463576,0.012297838,-1.11,2,2,2,2
416.58,415.2258333,418.3753846,-0.020756447,0.011991014,1.65,2,1,2,1
417.13,415.1333333,418.2903846,-0.019463576,0.011921954,0.55,2,2,2,1
419.34,415.225,418.2053846,-0.014268588,0.011946687,18.21,2,2,2,1
421.55,415.7766667,418.1630769,-0.0090736,0.012172618,16,2,2,2,1
423.76,416.375,418.2480769,-0.003878611,0.012272733,6.9,2,2,2,1
423.2,418.2141667,418.3965385,-0.005194988,0.012453852,4.41,2,2,2,1
424.86,419.8233333,418.6938462,0,0.012688778,5.52,1,2,2,1
424.86,420.49,418.885,0,0.012739465,5.52,1,2,2,1
421.55,420.72,418.7365385,-0.007790802,0.012920931,4.42,1,2,2,1
424.31,421.1341667,418.7576923,-0.001294544,0.013034856,7.73,1,2,2,1
423.2,421.4558333,418.8211538,-0.003907169,0.012979816,6.07,1,2,2,1
424.86,422.1,418.8211538,0,0.012982261,5.52,1,2,2,1
423.76,422.6983333,418.8426923,-0.002589088,0.012939815,2.21,1,2,2,1
419.34,422.8825,418.9488462,-0.012992515,0.012744579,-4.42,1,2,2,2
416.03,422.6066667,418.8638462,-0.020783317,0.01305066,-7.17,1,1,2,2
411.07,421.7333333,418.5880769,-0.032457751,0.01307733,-13.79,1,1,2,2
416.03,421.0891667,418.5030769,-0.020783317,0.013096818,-8.83,1,1,2,2
417.13,420.5833333,418.5876923,-0.018194229,0.013191488,-4.42,1,2,2,2
414.93,419.7558333,418.5242308,-0.023372405,0.013215427,-9.38,1,1,2,2
416.58,419.0658333,419.1184615,-0.019488773,0.013161822,-6.62,2,2,2,2
420.45,418.9741667,419.6915385,-0.01037989,0.013294685,-4.41,2,2,2,2
423.2,418.8816667,419.9353846,-0.003907169,0.011186709,-0.56,2,2,2,2
427.62,419.25,420.275,0.006496258,0.010538781,8.28,2,2,2,1
432.03,419.8475,420.7630769,0.010312895,0.013085046,16,2,2,2,1
438.65,421.0883333,421.5057692,0.01532301,0.015347427,27.58,2,2,2,1
439.76,422.79,422.3761538,0.002530491,0.016629104,23.73,1,2,2,1
437,424.5375,423.1615385,-0.006276151,0.018257109,19.87,1,2,2,1
440.31,426.9741667,424.0530769,0.001250682,0.018810651,25.38,1,2,2,1
435.89,428.6291667,424.6896154,-0.010038382,0.019166483,19.31,1,2,2,1
435.89,430.1925,425.2411538,-0.010038382,0.019128583,15.44,1,2,2,1
432.58,431.6633333,425.5803846,-0.017555813,0.018941151,9.38,1,2,2,1
427.62,432.5833333,425.7503846,-0.028820604,0.018837949,0,1,1,2,0
425.41,432.9966667,425.7715385,-0.033839795,0.018820582,-6.62,1,1,2,2
427.07,433.3191667,425.8565385,-0.030069724,0.018890792,-11.58,1,1,2,2
430.38,433.5491667,426.1961538,-0.022552293,0.019134651,-9.38,1,1,2,2
433.14,433.6416667,426.5357692,-0.016283982,0.019623332,-3.86,1,2,2,2
436.45,433.4583333,427.0453846,-0.008766551,0.019922939,-3.86,1,2,2,2
436.45,433.1825,427.4911538,-0.008766551,0.02052825,0.56,1,2,1,1
439.21,433.3666667,428.0853846,-0.00249824,0.02185939,3.32,1,2,1,1
445.83,433.8266667,429.1042308,0.012536622,0.023531478,13.25,1,2,1,1
449.14,434.9308333,430.3776923,0.007424355,0.023695808,21.52,1,2,1,1
438.65,435.1608333,431.4384615,-0.023355747,0.023431128,13.24,1,1,1,1
438.1,435.6208333,432.2873077,-0.024580309,0.023594646,11.03,1,1,1,1
447.48,437.2758333,433.4546154,-0.003695952,0.022310791,17.1,1,2,1,1
444.17,438.8391667,434.5792308,-0.011065592,0.021602616,11.03,1,2,1,1
445.27,440.3558333,435.6826923,-0.008616467,0.020493974,8.82,1,2,1,1
441.41,441.275,436.4888462,-0.017210669,0.018645639,4.96,1,2,2,1
440.31,441.8725,437.1469231,-0.019659794,0.016721839,1.1,1,2,2,1
439.76,442.1483333,437.6138462,-0.020884357,0.015376965,-6.07,1,1,2,2
442.52,442.6541667,438.0173077,-0.01473928,0.014397719,-6.62,1,2,2,2
444.17,443.0675,438.2296154,-0.011065592,0.014075522,5.52,1,2,2,1
445.83,443.0675,438.4630769,-0.00736964,0.017099006,7.73,1,2,2,1
462.38,444.1708333,439.4392308,0.029478559,0.020018306,14.9,1,2,1,1
464.03,446.2858333,440.3515385,0.003568493,0.022582884,19.86,1,2,1,1
465.14,448.5391667,441.4765385,0.002392087,0.024348127,19.87,1,2,1,1
463.48,449.8725,442.5376923,-0.003568818,0.026327187,22.07,1,2,1,1
466.24,451.7116667,443.8323077,0.002364879,0.027844907,25.93,1,2,1,1
466.24,453.4591667,445.3176923,0,0.028586268,26.48,1,2,1,1
462.38,455.2066667,446.7396154,-0.008278998,0.028356275,19.86,1,2,1,1
455.76,456.4941667,447.8430769,-0.022477694,0.027479449,11.59,1,1,1,1
455.76,457.8275,448.8192308,-0.022477694,0.026182699,9.93,1,1,1,1
457.41,459.0683333,449.7526923,-0.018938744,0.025285789,-4.97,1,2,1,2
462.93,460.6316667,450.7711538,-0.007099348,0.024507619,-1.1,1,2,1,2
462.38,462.0108333,451.7684615,-0.008278998,0.0239897,-2.76,1,2,1,2
464.03,462.1483333,452.7230769,-0.004740048,0.023198291,0.55,1,2,1,1
456.86,461.5508333,453.1473077,-0.020118394,0.022201724,-9.38,1,1,1,2
451.9,460.4475,453.2534615,-0.030756692,0.021495301,-14.34,1,1,1,2
456.31,459.85,453.9326923,-0.021298044,0.021267272,-6.07,1,1,1,2
454.65,458.8841667,454.5692308,-0.024858442,0.021224535,-1.11,1,1,1,2
456.86,458.1025,454.93,-0.020118394,0.020358034,1.1,1,1,1,1
459.07,457.8266667,455.5030769,-0.015378346,0.019163877,1.66,1,2,2,1
456.86,457.9183333,455.9488462,-0.020118394,0.018875598,-6.07,1,1,2,2
454.65,457.8258333,456.4580769,-0.024858442,0.01849723,-7.73,1,1,2,2
462.38,458.24,457.3069231,-0.008278998,0.018361902,-1.65,1,2,2,2
465.69,458.47,458.3042308,-0.00117965,0.017610527,8.83,1,2,2,1
466.24,458.7916667,459.2165385,0,0.017500095,14.34,2,2,2,1
475.07,459.7116667,460.405,0.018938744,0.016620049,18.76,2,2,2,1
473.41,461.0908333,461.4657692,-0.003494222,0.015513197,18.76,2,2,2,1
470.66,462.6541667,461.7842308,-0.009282843,0.014162513,13.8,1,2,2,1
468.45,463.6658333,461.9542308,-0.013934789,0.012755545,9.38,1,2,2,1
467.9,464.77,462.0603846,-0.015092513,0.012863717,11.04,1,2,2,1
466.79,465.5975,462.1876923,-0.01742901,0.012848454,12.14,1,2,2,1
463.48,465.965,462.0815385,-0.024396405,0.012813544,1.1,1,1,2,1
464.03,466.5625,461.9965385,-0.023238681,0.01313341,-1.66,1,1,2,2
469.55,467.8041667,462.2723077,-0.01161934,0.013353724,3.31,1,2,2,1
469.55,468.4016667,462.8026923,-0.01161934,0.013562881,-5.52,1,2,2,2
469.55,468.7233333,463.3330769,-0.01161934,0.015326,-3.86,1,2,2,2
480.59,469.9191667,464.2246154,0.01161934,0.016936051,9.93,1,2,2,1
483.35,470.6091667,465.01,0.005742941,0.021164837,14.9,1,2,1,1
497.69,472.6325,466.3680769,0.029667942,0.024358391,29.79,1,2,1,1
497.69,474.885,467.6626923,0,0.026782095,30.9,1,2,1,1
496.04,477.1841667,469.1696154,-0.003315317,0.029559374,32.56,1,2,1,1
501,479.9425,471.0580769,0.006650726,0.031169333,36.97,1,2,1,1
496.04,482.38,472.5861538,-0.0099002,0.031198796,26.49,1,2,1,1
487.21,484.3575,473.8384615,-0.02752495,0.030268454,17.66,1,1,1,1
482.24,485.875,474.8146154,-0.03744511,0.030385787,12.69,1,1,1,1
492.73,487.8066667,476.1092308,-0.016506986,0.029751789,12.14,1,2,1,1
488.31,489.37,477.3188462,-0.025329341,0.029454724,4.96,1,1,1,1
492.73,491.3016667,478.7834615,-0.016506986,0.029691332,-4.96,1,2,1,2
498.24,492.7725,480.1626923,-0.005508982,0.030542713,0.55,1,2,1,1
507.62,494.795,481.7753846,0.013213573,0.029944891,11.58,1,2,1,1
502.11,495.1633333,483.155,-0.010854576,0.029447393,1.11,1,2,1,1
497.14,495.1175,484.0038462,-0.020645365,0.02922554,1.1,1,1,1,1
498.8,495.3475,484.9803846,-0.017375202,0.028723925,11.59,1,2,1,1
496.59,494.98,485.9776923,-0.021728852,0.028535175,14.35,1,1,1,1
492.17,494.6575,486.89,-0.030436153,0.028299746,-0.56,1,1,1,2
494.38,495.255,487.9084615,-0.026082503,0.027659436,6.07,1,1,1,1
491.07,495.9908333,488.8423077,-0.032603128,0.027050107,-1.66,1,1,1,2
499.35,496.5425,490.2219231,-0.016291714,0.026499181,1.11,1,2,1,1
503.76,497.83,491.75,-0.007604113,0.025920553,-3.86,1,2,1,2
508.18,499.1175,493.2357692,0.001103187,0.024099264,6.07,1,2,1,1
504.31,499.6233333,494.5726923,-0.007615412,0.022624252,7.17,1,2,1,1
512.04,499.9916667,496.2069231,0.007595734,0.021414301,13.24,1,2,1,1
510.38,500.6808333,497.3526923,-0.003241934,0.01990483,13.79,1,2,2,1
512.04,501.9225,498.4561538,0,0.017304708,19.87,1,2,2,1
507.07,502.6116667,498.8169231,-0.009706273,0.016327134,12.69,1,2,2,1
507.62,503.5308333,499.1988462,-0.008632138,0.015355218,16.55,1,2,2,1
504.87,504.5891667,499.5384615,-0.014002812,0.015622348,5.52,1,2,2,1
507.62,505.6925,499.7930769,-0.008632138,0.015801123,3.86,1,2,2,1
506.52,506.98,500.1961538,-0.010780408,0.015899841,-1.66,1,2,2,2
506.52,507.5775,500.9388462,-0.010780408,0.016193038,2.21,1,2,2,1
508.73,507.9916667,501.9576923,-0.006464339,0.016264229,-3.31,1,2,2,2
507.07,507.8991667,502.5092308,-0.009706273,0.015970351,-3.31,1,2,2,2
513.14,508.635,503.4642308,0.00214827,0.015279291,1.1,1,2,2,1
518.66,509.1866667,504.4615385,0.010757298,0.01631774,11.59,1,2,2,1
522.52,510.1983333,505.3953846,0.007442255,0.01720942,14.9,1,2,2,1
526.94,511.44,506.1384615,0.008459006,0.019043875,22.07,1,2,2,1
531.9,513.5091667,507.2842308,0.009412836,0.021178344,24.28,1,2,1,1
534.11,515.7166667,508.7061538,0.004154916,0.02141216,27.59,1,2,1,1
517.56,516.7741667,509.4276923,-0.030986126,0.021406369,11.04,1,1,1,1
515.9,517.4641667,510.1703846,-0.0340941,0.021035874,7.17,1,1,1,1
515.35,518.2,511.0619231,-0.035123851,0.020896127,8.28,1,1,1,1
519.21,519.2575,512.0169231,-0.027896875,0.020320594,6.07,1,1,1,1
515.9,519.855,512.9719231,-0.0340941,0.019032455,-2.76,1,1,2,2
512.59,520.315,513.4811538,-0.040291326,0.017906037,-9.93,1,1,2,2
515.35,520.4991667,513.9269231,-0.035123851,0.016194922,-11.59,1,1,2,2
519.76,520.5908333,514.3723077,-0.026867125,0.015586685,-12.14,1,1,2,2
521.97,520.545,515.0515385,-0.0227294,0.015687019,-12.14,1,1,2,2
526.38,520.4983333,515.6030769,-0.014472674,0.015813878,8.82,1,2,2,1
524.18,519.855,516.1338462,-0.018591676,0.015265846,8.28,1,2,2,1
518.11,518.5216667,516.3673077,-0.029956376,0.015178108,2.76,1,1,2,1
515.9,518.3833333,516.7069231,-0.0340941,0.015200302,-3.31,1,1,2,2
509.83,517.8775,516.7919231,-0.045458801,0.015355243,-6.07,1,1,2,2
508.73,517.3258333,516.9403846,-0.047518301,0.015148266,-3.86,1,1,2,2
510.38,516.59,517.0465385,-0.04442905,0.015003278,-4.97,2,1,2,2
509.83,516.0841667,517.1738462,-0.045458801,0.014714292,-9.93,2,1,2,2
508.18,515.7166667,517.2376923,-0.048548052,0.014954396,-13.79,2,1,2,2
504.87,514.8433333,517.0892308,-0.054745277,0.014716198,-21.51,2,1,2,2
509.83,514.0158333,517.1953846,-0.045458801,0.014472835,-14.35,2,1,2,2
509.83,513.0041667,517.0680769,-0.045458801,0.014645046,-8.28,2,1,2,2
506.52,511.3491667,516.6011538,-0.051656026,0.014965668,-9.38,2,1,2,2
503.76,509.6475,515.8796154,-0.056823501,0.016036497,-6.07,2,1,2,2
499.9,508.13,514.8396154,-0.050305863,0.016903782,-8.83,2,1,2,2
500.45,506.8425,513.63,-0.04926099,0.018078425,-9.93,2,1,2,2
495.49,505.6475,512.1446154,-0.058683841,0.018789346,-14.34,2,1,2,2
494.38,504.4516667,511.2530769,-0.060792583,0.017963391,-13.8,2,1,2,2
500.45,503.6241667,510.6588462,-0.04926099,0.016571552,-4.42,2,1,2,2
498.8,502.705,510.0223077,-0.052395608,0.017280623,-11.03,2,1,2,2
495.49,501.6475,509.11,-0.058683841,0.017860007,-14.34,2,1,2,2
496.04,500.9116667,508.3461538,-0.057638968,0.018970945,-10.48,2,1,2,2
490.52,499.3025,507.4973077,-0.068125689,0.019962395,-13.24,2,1,2,2
487.76,497.4633333,506.4361538,-0.073369049,0.020410146,-12.14,2,1,1,2
492.73,496.3141667,505.3965385,-0.059998474,0.02078006,-7.72,2,1,1,2
494.38,495.5325,504.3353846,-0.045801085,0.020897258,-1.11,2,1,1,2
494.38,495.0725,503.1046154,-0.04171351,0.020204962,0,2,1,1,0
507.62,495.67,502.4676923,-0.005407735,0.019174099,7.17,2,2,2,1
507.07,496.635,502.0430769,-0.006485364,0.017280091,8.27,2,2,2,1
507.07,497.6925,501.7034615,-0.006485364,0.015481806,11.58,2,2,2,1
507.07,498.2441667,501.5973077,-0.005413569,0.014633516,11.03,2,2,2,1
509.83,499.1633333,501.6396154,0,0.013762143,19.31,2,2,2,1
504.31,499.8983333,501.4061538,-0.010827138,0.01365262,16.55,2,2,2,1
508.18,500.91,501.3426923,-0.003236373,0.013934302,15.45,2,2,2,1
512.04,502.7033333,501.4911538,0.004334778,0.013715417,17.66,1,2,2,1
507.07,504.3125,501.5757692,-0.009706273,0.013427706,12.69,1,2,2,1
504.31,505.2775,501.3634615,-0.015096477,0.013230017,-3.31,1,2,2,2
500.45,505.7833333,501.0026923,-0.02263495,0.013179376,-6.62,1,1,2,2
501.55,506.3808333,500.8115385,-0.020486681,0.012807418,-5.52,1,1,2,2
500.45,505.7833333,500.6842308,-0.02263495,0.012392515,-6.62,1,1,2,2
500.45,505.2316667,500.7053846,-0.02263495,0.012253688,-9.38,1,1,2,2
498.24,504.4958333,500.6203846,-0.026951019,0.012399088,-6.07,1,1,2,2
506.52,504.45,501.0446154,-0.010780408,0.013214012,-1.66,1,2,2,2
513.14,504.7258333,501.7661538,0.00214827,0.015070498,1.1,1,2,2,1
520.87,506.1058333,502.5515385,0.015064115,0.017783157,13.8,1,2,2,1
528.59,507.8066667,503.6973077,0.014821357,0.019577219,24.28,1,2,2,1
527.49,509.0941667,504.9280769,-0.002081008,0.0204047,27.04,1,2,1,1
520.87,510.2441667,505.8830769,-0.014604892,0.021342803,19.32,1,2,1,1
523.63,511.8541667,507.1565385,-0.009383454,0.021154844,23.18,1,2,1,1
514.25,513.0041667,508.1753846,-0.027128777,0.0208278,13.8,1,1,1,1
512.04,513.8783333,508.9180769,-0.031309711,0.019856248,13.8,1,1,2,1
509.83,514.66,509.5123077,-0.035490645,0.018338157,3.31,1,1,2,1
507.62,515.2575,510.0215385,-0.039671579,0.017336697,-5.52,1,1,2,2
507.62,516.0391667,510.0215385,-0.039671579,0.016443776,-13.25,1,1,2,2
507.62,516.1308333,510.0426923,-0.039671579,0.015451578,-20.97,1,1,2,2
507.62,515.6708333,510.0638462,-0.039671579,0.015500073,-19.87,1,1,2,2
505.42,514.3833333,510.0003846,-0.043833595,0.015796261,-15.45,1,1,2,2
501,512.0841667,509.6607692,-0.052195463,0.016078001,-22.63,1,1,2,2
501,509.8766667,509.5334615,-0.052195463,0.01631325,-13.25,1,1,2,2
501.55,508.2666667,509.2784615,-0.051154959,0.016617077,-10.49,2,1,2,2
500.45,506.335,508.8326923,-0.053235967,0.016607295,-9.38,2,1,2,2
504.87,505.5533333,508.7480769,-0.044874099,0.016631149,-2.75,2,1,2,2
506.52,505.0933333,508.8330769,-0.041752587,0.016593794,-1.1,2,1,2,2
509.83,505.0933333,509.1938462,-0.035490645,0.016634029,2.21,2,1,2,1
512.04,505.4616667,509.5973077,-0.031309711,0.016550941,4.42,2,1,2,1
510.38,505.6916667,509.9792308,-0.034450141,0.016250967,4.96,2,1,2,1
512.04,506.06,510.425,-0.031309711,0.015999091,11.04,2,1,2,1
512.59,506.4741667,510.9769231,-0.030269207,0.015595396,11.59,2,1,2,1
509.28,506.7958333,511.0830769,-0.036531149,0.015181356,7.73,2,1,2,1
513.14,507.8075,511.0830769,-0.027204307,0.014511425,12.69,2,1,2,1
514.8,508.9575,510.8496154,-0.016863052,0.014807465,9.93,2,2,2,1
520.87,510.5675,510.5526923,-0.005270897,0.015125052,14.35,1,2,2,1
520.31,512.2225,510.2765385,-0.001075124,0.01481763,10.48,1,2,2,1
515.9,513.1416667,510.0853846,-0.009541728,0.013666754,3.86,1,2,2,1
518.66,514.1533333,509.8942308,-0.004242901,0.012502451,8.28,1,2,2,1
517.56,514.7975,510.0215385,-0.006354753,0.012167065,5.52,1,2,2,1
517,515.2108333,510.2123077,-0.007429877,0.011745908,4.41,1,2,2,1
520.31,516.0383333,510.6153846,-0.001075124,0.012674353,11.03,1,2,2,1
524.18,517.05,511.2523077,0.006354753,0.013269735,11.04,1,2,2,1
521.97,517.8316667,511.8042308,-0.004216109,0.013625383,7.17,1,2,2,1
520.31,518.7508333,512.2923077,-0.00738296,0.014002334,-0.56,1,2,2,2
521.97,519.4866667,512.8442308,-0.004216109,0.013904529,1.66,1,2,2,1
514.8,519.4866667,513.205,-0.017894616,0.013793035,-1.1,1,2,2,2
510.38,518.6125,513.5657692,-0.026326834,0.013666325,-8.28,1,1,2,2
514.25,518.1075,514.0753846,-0.018943874,0.013376053,-3.31,1,2,2,2
513.69,517.9233333,514.5423077,-0.02001221,0.012699843,-3.31,1,1,2,2
518.66,517.9233333,515.2426923,-0.010530734,0.011862003,-1.65,1,2,2,2
518.66,518.015,515.7730769,-0.010530734,0.011011301,-5.52,1,2,2,2
520.31,518.2908333,516.3034615,-0.00738296,0.009646843,-1.66,1,2,2,2
519.21,518.1991667,516.6642308,-0.009481476,0.008781399,-1.1,1,2,2,2
518.11,517.6933333,516.8976923,-0.011579992,0.008126744,-3.86,1,2,2,2
520.31,517.555,517.2796154,-0.00738296,0.00793528,5.51,1,2,2,1
521.97,517.6933333,517.6615385,-0.004216109,0.00863747,11.59,1,2,2,1
528.04,518.1991667,518.2557692,0.007363883,0.00863123,13.79,2,2,2,1
525.28,519.0725,518.8711538,-0.005226877,0.008373592,11.59,1,2,2,1
520.87,519.9466667,519.1684615,-0.013578517,0.008241209,2.21,1,2,2,1
523.07,520.6816667,519.4865385,-0.009412166,0.007469676,4.41,1,2,2,1
517.56,521.0041667,519.3592308,-0.019846981,0.007146933,-2.75,1,2,2,2
518.11,520.9583333,519.2746154,-0.018805394,0.007245847,-1.1,1,2,2,2
513.69,520.5441667,519.1896154,-0.027175972,0.008304608,-4.42,1,1,2,2
507.62,519.4866667,518.765,-0.038671313,0.008675381,-12.69,1,1,2,2
511.49,518.8433333,518.5315385,-0.031342323,0.008657114,-10.48,1,1,2,2
520.31,519.0266667,518.6588462,-0.014639042,0.008670321,-7.73,1,2,2,2
519.76,518.9808333,518.6376923,-0.01568063,0.008670022,-5.52,1,2,2,2
519.76,518.7966667,518.4676923,-0.01568063,0.009196741,-1.11,1,2,2,2
527.49,518.7508333,518.68,-0.001041588,0.009298119,4.42,1,2,2,1
523.07,518.5666667,518.7861538,-0.009412166,0.009221832,5.51,2,2,2,1
523.07,518.75,518.8284615,-0.009412166,0.00916116,4.96,2,2,2,1
519.21,518.4283333,518.9980769,-0.016722218,0.009472648,5.52,2,2,2,1
525.83,519.1175,519.5923077,-0.004185289,0.009524191,18.21,2,2,2,1
523.07,519.5308333,519.9315385,-0.009412166,0.009380119,11.58,2,2,2,1
519.76,520.0366667,520.165,-0.01568063,0.0089754,-0.55,2,2,2,2
514.25,520.5891667,519.9953846,-0.026115446,0.008969615,-5.51,1,1,2,2
514.25,520.8191667,519.8257692,-0.026115446,0.008725632,-5.51,1,1,2,2
521.42,520.9116667,519.8684615,-0.012536929,0.008929104,-6.07,1,2,2,2
525.28,521.3716667,520.1019231,-0.005226877,0.008918425,2.21,1,2,2,1
519.21,521.3258333,520.1442308,-0.016722218,0.008957653,-3.86,1,2,2,2
517.56,520.4983333,520.0384615,-0.018825001,0.008982289,-1.65,1,2,2,2
521.97,520.4066667,520.0384615,-0.010464653,0.009042114,-3.86,1,2,2,2
523.63,520.4533333,519.8688462,-0.007317674,0.009387953,0.56,1,2,2,1
513.14,519.9475,519.4019231,-0.027204307,0.010789725,-6.62,1,1,2,2
504.87,518.2008333,518.7865385,-0.04288233,0.011495767,-9.38,2,1,2,2
504.87,516.6841667,518.0865385,-0.04288233,0.011341034,-9.38,2,1,2,2
514.25,516.225,517.9592308,-0.025100002,0.011377026,-7.17,2,1,2,2
514.8,516.2708333,517.8319231,-0.024057328,0.011278822,-10.48,2,1,2,2
514.8,516.3166667,517.8746154,-0.024057328,0.011589085,-4.41,2,1,2,2
510.38,515.3966667,517.9807692,-0.032436634,0.011719691,-7.18,2,1,2,2
512.59,514.3391667,518.0230769,-0.028246981,0.011695498,-9.38,2,1,2,2
520.31,514.4308333,518.0230769,-0.013611632,0.011231782,-3.32,2,2,2,2
513.14,514.0625,517.7684615,-0.024133275,0.011310568,0,2,1,2,0
510.38,513.0966667,517.4076923,-0.02938212,0.011879665,5.51,2,1,2,1
507.07,511.7166667,516.6223077,-0.03567693,0.012056558,2.2,2,1,2,1
510.93,511.5325,516.1553846,-0.028336154,0.012051376,-3.32,2,1,2,2
519.21,512.7275,516.0069231,-0.011555742,0.011636385,4.41,2,2,2,1
523.07,514.2441667,516.1553846,-0.00420728,0.012347015,8.27,2,2,2,1
529.69,515.5308333,516.3038462,0.008395522,0.013070826,19.31,2,2,2,1
530.25,516.8183333,516.58,0.001057222,0.01600254,17.66,1,2,2,1
542.94,519.1633333,517.4715385,0.023932107,0.023426191,22.63,1,2,1,1
566.11,523.8075,519.4661538,0.042675065,0.033009535,52.97,1,2,1,1
584.32,529.785,522.1611538,0.032166893,0.038437041,73.94,1,2,1,1
577.15,534.5216667,524.3046154,-0.012270674,0.043116114,70.08,1,2,1,1
580.46,540.1316667,526.4269231,-0.006605969,0.045519075,69.53,1,2,1,1
570.53,545.1441667,528.4007692,-0.023600082,0.048470554,51.32,1,1,1,1
577.15,550.9841667,530.6926923,-0.012270674,0.051265259,54.08,1,2,1,1
578.8,556.64,532.8784615,-0.009446878,0.054300915,49.11,1,2,1,1
585.98,562.2041667,535.2765385,0.002840909,0.056578597,55.73,1,2,1,1
584.87,567.3541667,538.0353846,-0.001894263,0.057691434,41.93,1,2,1,1
575.49,571.1708333,540.7515385,-0.017901635,0.059428284,9.38,1,2,1,1
584.87,575.7225,543.8284615,-0.001894263,0.061249395,0.55,1,2,1,1
594.25,579.9983333,546.9053846,0.01411311,0.061469074,17.1,1,2,1,1
589.84,581.9758333,549.7915385,-0.007421119,0.060863408,9.38,1,2,1,1
586.53,582.16,552.5503846,-0.012991165,0.059915732,16,1,2,1,1
574.94,581.9758333,555.0334615,-0.032494741,0.058573651,-2.21,1,1,1,2
568.87,581.01,557.1980769,-0.042709297,0.056975628,-9.93,1,1,1,2
565.56,580.5958333,558.9384615,-0.048279344,0.054923737,-20.42,1,1,1,2
571.08,580.09,561.1669231,-0.038990324,0.052752137,-13.79,1,1,1,2
570.53,579.4008333,563.4803846,-0.03991586,0.051117733,-4.96,1,1,1,2
574.39,578.435,566.0696154,-0.033420278,0.04847042,-10.48,1,1,1,2
573.84,577.5158333,568.4892308,-0.034345814,0.045222716,-20.41,1,1,1,2
581.01,577.9758333,570.8661538,-0.022280185,0.041083628,-8.83,1,1,1,2
587.63,578.2058333,573.3492308,-0.011140093,0.037615547,1.1,1,2,1,1
601.98,578.85,576.1296154,0.013007993,0.034657965,27.04,1,2,1,1
603.63,579.9991667,578.9519231,0.002740955,0.03061618,34.76,1,2,1,1
594.25,580.6425,580.9253846,-0.01553932,0.027117392,28.69,2,2,1,1
599.22,582.6658333,582.1988462,-0.0073058,0.022981082,28.14,1,2,1,1
603.63,585.5625,582.9415385,0,0.021295806,33.1,1,2,1,1
611.91,589.425,584.2784615,0.013717012,0.021641677,37.52,1,2,1,1
606.39,592.3675,585.2757692,-0.009020934,0.022541209,32.55,1,2,1,1
605.29,595.2641667,586.6126923,-0.010818584,0.023430583,24.28,1,2,1,1
608.05,598.0691667,587.8011538,-0.006308117,0.024116625,20.42,1,2,1,1
606.39,600.7816667,588.8623077,-0.009020934,0.024609856,4.41,1,2,1,1
611.91,603.3566667,589.8596154,0,0.025137229,8.28,1,2,1,1
610.25,605.2416667,590.8357692,-0.002712817,0.025719154,16,1,2,1,1
611.91,606.0691667,592.2365385,0,0.025653757,12.69,1,2,1,1
595.91,605.4258333,592.6611538,-0.026147636,0.02554667,-7.72,1,1,1,2
588.18,604.92,592.4276923,-0.038780213,0.025003117,-23.73,1,1,1,2
595.35,604.5975,592.6396154,-0.027062803,0.024881199,-11.04,1,1,1,2
595.35,603.9075,592.9788462,-0.027062803,0.025012244,-9.94,1,1,1,2
601.42,603.0333333,593.9973077,-0.017143044,0.025000743,-6.63,1,2,1,2
595.35,602.1133333,595.0157692,-0.027062803,0.025116148,-11.04,1,1,1,2
582.66,600.2275,595.6734615,-0.047801147,0.024729031,-29.25,1,1,1,2
581.01,597.9741667,596.0553846,-0.050497622,0.023723503,-29.24,1,1,1,2
582.11,595.9508333,596.5007692,-0.048699972,0.02256523,-29.8,2,1,1,2
577.15,593.0541667,596.6069231,-0.056805739,0.021621743,-18.76,2,1,1,2
582.66,590.755,596.9461538,-0.047801147,0.020963145,-5.52,2,1,1,2
577.15,587.8583333,596.7976923,-0.056805739,0.02111572,-18.2,2,1,1,2
572.73,585.9266667,596.2246154,-0.064029024,0.02116843,-22.62,2,1,1,2
573.28,584.685,595.1207692,-0.063130199,0.021037577,-28.14,2,1,1,2
583.22,583.6741667,594.3357692,-0.04688598,0.020951031,-12.13,2,1,1,2
591.49,583.3525,594.2296154,-0.033370921,0.020837462,8.83,2,1,1,1
592.6,582.6175,593.975,-0.031556928,0.020643572,11.59,2,1,1,1
595.35,582.6175,593.6565385,-0.027062803,0.020663393,13.24,2,1,1,1
592.6,583.4458333,592.9138462,-0.031556928,0.020676372,15.45,2,1,1,1
588.18,584.0433333,592.2134615,-0.038780213,0.020834946,5.52,2,1,1,1
580.46,583.9058333,591.2584615,-0.051396447,0.020338845,3.31,2,1,1,1
579.35,584.0891667,590.1546154,-0.053210439,0.01996454,6.62,2,1,2,1
583.77,584.1816667,589.2846154,-0.045987155,0.019553842,10.49,2,1,2,1
584.32,584.7791667,588.2234615,-0.028432709,0.018748452,1.1,2,1,2,1
585.98,585.8833333,587.29,-0.025672575,0.01796815,-5.51,2,1,2,2
587.08,587.0333333,586.335,-0.02384357,0.016374206,-5.52,1,1,2,2
590.94,587.6766667,586.1438462,-0.017425426,0.014758399,-4.41,1,2,2,2
590.39,587.585,586.2288462,-0.018339929,0.01248721,-2.21,1,2,2,2
590.39,587.4008333,586.0380769,-0.008331234,0.012323504,2.21,1,2,2,1
593.15,587.2175,585.9534615,-0.003695305,0.012947374,12.69,1,2,2,1
599.22,587.7691667,585.8688462,0.006500378,0.013307784,19.87,1,2,2,1
599.77,588.735,586.0388462,0.00091786,0.015156462,16,1,2,2,1
611.36,591.31,587.1426923,0.019324074,0.017054138,27.04,1,2,2,1
615.77,594.345,588.4796154,0.007213426,0.019278613,29.79,1,2,2,1
617.43,597.15,589.8380769,0.002695812,0.021110046,30.35,1,2,1,1
617.43,599.9091667,591.3873077,0,0.022505432,26.49,1,2,1,1
617.43,602.53,592.7246154,0,0.02430617,27.04,1,2,1,1
622.94,605.5183333,594.4857692,0.008924089,0.024627037,32.55,1,2,1,1
614.67,607.4958333,596.0988462,-0.013275757,0.025117823,21.52,1,2,1,1
615.22,609.565,597.7119231,-0.012392847,0.025104735,16,1,2,1,1
615.22,611.6341667,598.9426923,-0.012392847,0.024545722,15.45,1,2,1,1
616.32,613.565,599.8976923,-0.010627027,0.023176083,4.96,1,2,1,1
603.08,613.8866667,600.3007692,-0.03188108,0.02256114,-12.69,1,1,1,2
602.53,614.1166667,600.5769231,-0.03276399,0.022377677,-14.9,1,1,1,2
599.22,613.105,600.8315385,-0.038077503,0.022234892,-18.21,1,1,1,2
600.87,611.8633333,601.3196154,-0.035428773,0.022413764,-16.56,1,1,1,2
589.84,609.5641667,601.6803846,-0.053135133,0.023161828,-33.1,1,1,1,2
579.91,606.4375,601.7019231,-0.069075673,0.023579435,-34.76,1,1,1,2
581.56,603.4483333,601.6169231,-0.066426943,0.023207899,-33.66,1,1,1,2
585.98,600.3683333,601.6807692,-0.059331557,0.022536525,-29.24,2,1,1,2
589.29,598.2533333,601.8080769,-0.054018043,0.021977202,-27.03,2,1,1,2
595.35,596.5975,602.1261538,-0.04428998,0.021356325,-7.73,2,1,1,2
600.32,595.3558333,602.4869231,-0.036311683,0.020818495,-2.21,2,1,1,2
604.73,594.39,603.0384615,-0.02923235,0.020426967,5.51,2,1,1,1
610.25,594.9875,603.8023077,-0.020371143,0.020266399,9.38,2,1,1,1
611.91,595.7691667,604.5238462,-0.01770636,0.019993247,22.07,2,2,2,1
611.91,596.8266667,605.0119231,-0.01770636,0.019942087,32,2,2,2,1
617.98,598.2525,605.7123077,-0.007962244,0.020020529,36.42,2,2,1,1
619.08,600.6891667,606.0092308,-0.006196423,0.020252919,33.1,2,2,1,1
618.53,603.9075,606.1153846,-0.007079333,0.02019782,29.24,2,2,1,1
612.46,606.4825,605.9242308,-0.01682345,0.0206152,17.11,1,2,1,1
621.29,609.425,606.0726923,0.003569813,0.021098354,20.97,1,2,1,1
624.05,612.3216667,606.3273077,0.00444237,0.022354126,19.32,1,2,1,1
633.43,615.495,606.7307692,0.015030847,0.023618435,23.18,1,2,1,1
634.53,618.3458333,607.4946154,0.001736577,0.024818469,22.62,1,2,1,1
635.08,620.875,608.2584615,0.000866783,0.025921004,23.17,1,2,1,1
637.29,623.1283333,609.1073077,0.003479877,0.026862409,19.31,1,2,1,1
633.43,624.9216667,609.7653846,-0.006056897,0.027499895,14.35,1,2,1,1
630.67,626.485,610.8265385,-0.010387736,0.028291936,12.14,1,2,1,1
633.43,627.7725,612.015,-0.006056897,0.029494557,20.97,1,2,1,1
639.5,629.4741667,613.5642308,0.003467809,0.030524748,18.21,1,2,1,1
640.6,631.3133333,615.0923077,0.001720094,0.030706206,16.55,1,2,1,1
631.22,632.8766667,616.6838462,-0.014642523,0.030617987,-2.21,1,2,1,2
630.67,633.6583333,618.6361538,-0.015501093,0.030802929,-3.86,1,2,1,2
636.19,634.67,620.7373077,-0.006884171,0.029884503,1.11,1,2,1,1
632.32,634.5775,622.5196154,-0.012925382,0.027553541,-4.97,1,2,1,2
632.32,634.3933333,624.1746154,-0.012925382,0.025330205,-1.11,1,2,1,2
640.05,634.8075,625.8938462,-0.00085857,0.024634387,9.38,1,2,1,1
656.05,636.3708333,628.0373077,0.024118014,0.025118048,22.62,1,2,1,1
666.53,639.1291667,630.4142308,0.015974392,0.026987921,27.03,1,2,1,1
675.91,642.8991667,632.9396154,0.014072885,0.029010819,35.31,1,2,1,1
679.22,646.715,635.5284615,0.004897102,0.030118081,48,1,2,1,1
674.81,649.6575,637.9476923,-0.006492742,0.030360251,44.14,1,2,1,1
666.53,651.8183333,639.815,-0.018683195,0.030475736,30.34,1,2,1,1
667.08,654.8066667,641.6611538,-0.017873443,0.03066304,34.76,1,2,1,1
671.5,658.2091667,643.6984615,-0.011365979,0.032076149,39.18,1,2,1,1
683.09,662.1175,646.415,0.005697712,0.033450113,43.04,1,2,1,1
686.4,666.6241667,648.9192308,0.004845628,0.034411634,30.35,1,2,1,1
687.5,671.2225,651.3596154,0.001602564,0.034505306,20.97,1,2,1,1
688.6,675.2683333,653.4815385,0.0016,0.034691518,12.69,1,2,1,1
686.4,677.7975,655.4765385,-0.003194888,0.034628204,7.18,1,2,1,1
684.74,679.315,657.3865385,-0.005605577,0.034400577,9.93,1,2,1,1
675.91,679.315,658.8719231,-0.018428696,0.033837743,9.38,1,2,1,1
668.19,678.3958333,660.2088462,-0.029639849,0.033169557,1.11,1,1,1,1
665.43,677.6141667,661.5457692,-0.033647981,0.032633883,-6.07,1,1,1,2
669.29,677.8441667,662.925,-0.028042405,0.031676658,-13.8,1,1,1,2
663.77,677.5683333,663.8584615,-0.03605867,0.03037236,-22.63,1,1,1,2
662.12,676.7866667,664.6861538,-0.038454836,0.029220881,-25.38,1,1,1,2
656.6,674.5791667,665.6623077,-0.046471101,0.02847728,-32,1,1,1,2
655.5,672.0041667,666.6173077,-0.048068545,0.027786246,-30.9,1,1,1,2
655.5,669.3375,667.36,-0.048068545,0.026701976,-29.24,1,1,1,2
645.01,665.705,667.8480769,-0.063302353,0.025351893,-30.9,2,1,1,2
647.22,662.44,668.4211538,-0.060092942,0.02409829,-20.97,2,1,1,2
656.05,660.0491667,669.0365385,-0.047269823,0.02233565,-9.38,2,1,1,2
654.95,658.3025,668.9942308,-0.048867267,0.020292236,-14.34,2,1,1,2
656.05,657.2908333,668.5911538,-0.047269823,0.020095592,-7.72,2,1,1,2
641.7,655.3133333,667.2753846,-0.068109207,0.022246931,-20.42,2,1,1,2
631.22,652.1408333,665.4292308,-0.083328493,0.025248144,-25.38,2,1,1,2
623.49,648.7841667,663.4553846,-0.094554168,0.028595175,-32.01,2,1,1,2
615.22,644.8758333,661.4819231,-0.106564043,0.031168151,-40.28,2,1,1,2
615.22,641.4275,659.4873077,-0.106564043,0.033447419,-29.79,2,1,1,2
615.22,638.0708333,657.3226923,-0.106564043,0.035044894,-32,2,1,1,2
621.29,635.22,654.9457692,-0.097749056,0.036359477,-34.76,2,1,1,2
621.84,633.2891667,652.4626923,-0.094055944,0.037483138,-33.11,2,1,1,2
619.63,630.99,649.8523077,-0.095087186,0.037940401,-36.42,2,1,1,2
616.87,627.725,647.0934615,-0.087348907,0.037644217,-24.83,2,1,1,2
619.63,624.7816667,644.5253846,-0.074198031,0.03667965,-11.59,2,1,1,2
623.49,622.0683333,642.1696154,-0.068430725,0.035395904,0,2,1,1,0
620.18,620.275,640.0261538,-0.073376264,0.034010119,4.96,2,1,1,1
617.98,619.1716667,638.095,-0.068984739,0.032488219,2.76,2,1,1,1
615.22,618.4825,636.1638462,-0.070833082,0.031968442,0,2,1,1,0
608.05,617.885,633.8084615,-0.073941517,0.032127193,-13.24,2,1,1,2
603.63,616.9191667,631.4953846,-0.079902446,0.03268151,-18.21,2,1,1,2
597.56,615.4475,629.0123077,-0.08915479,0.032676415,-22.07,2,1,1,2
594.8,613.24,626.6353846,-0.093361786,0.032534963,-22.07,2,1,1,2
597.29,611.1941667,624.3965385,-0.089566344,0.03213081,-22.34,2,1,1,2
597.29,609.3325,622.1576923,-0.089566344,0.031680375,-26.2,2,1,1,2
599.77,607.9075,620.4176923,-0.085786144,0.030919662,-20.41,2,1,1,2
600.87,606.3441667,618.635,-0.084109443,0.029838741,-17.11,2,1,1,2
600.32,604.4133333,616.4915385,-0.064484962,0.029503068,-14.9,2,1,1,2
599.22,602.6666667,614.3480769,-0.050695479,0.02845621,-8.83,2,1,1,2
604.18,601.5166667,612.3530769,-0.030970826,0.026102937,0.55,2,1,1,1
601.98,600.4133333,610.8253846,-0.03449935,0.023297208,4.42,2,1,1,1
601.42,599.8608333,609.6792308,-0.03539752,0.01912078,6.62,2,1,2,1
609.15,600.3208333,609.1276923,-0.022999567,0.018112344,11.86,2,1,2,1
587.08,599.4475,608.0453846,-0.058397087,0.018472564,-10.21,2,1,2,2
583.77,598.5283333,606.8357692,-0.063705913,0.020935041,-16,2,1,1,2
571.63,596.39,605.1592308,-0.083176956,0.025164832,-29.24,2,1,1,2
559.49,593.24,602.7823077,-0.102647998,0.030028542,-40.83,2,1,1,2
549.56,589.0558333,600.0023077,-0.118574476,0.033608377,-49.66,2,1,1,2
551.21,584.9175,597.3707692,-0.115928082,0.035397757,-52.97,2,1,1,2
557.83,581.3766667,595.1,-0.100535328,0.035872478,-44.15,2,1,1,2
567.22,578.71,593.0842308,-0.082138581,0.036340864,-34.2,2,1,1,2
565.56,575.4916667,590.8561538,-0.080719092,0.036705912,-43.59,2,1,1,2
565.56,572.4566667,588.7553846,-0.071558729,0.036889178,-21.52,2,1,1,2
561.7,569.1466667,586.5907692,-0.077895428,0.036397717,-22.07,2,1,1,2
561.7,565.1925,584.5323077,-0.077895428,0.035872874,-9.93,2,1,1,2
561.7,563.0775,582.7496154,-0.077895428,0.035033764,2.21,2,1,1,1
564.46,561.4683333,581.2430769,-0.073364524,0.034206396,14.9,2,1,1,1
563.35,560.7783333,579.9273077,-0.075186736,0.033901042,12.14,2,1,1,1
560.59,560.87,578.6115385,-0.079717639,0.033426022,2.76,2,1,1,1
566.11,562.2491667,577.4123077,-0.070655832,0.033215759,-1.11,2,1,1,2
566.11,563.4908333,576.2130769,-0.070655832,0.032883905,0.55,2,1,1,1
571.63,564.6408333,575.1307692,-0.061594024,0.032340185,6.07,2,1,1,1
570.53,564.9166667,573.9638462,-0.063399819,0.03172695,8.83,2,1,1,1
568.87,565.1925,572.7542308,-0.066124928,0.030740589,7.17,2,1,1,1
576.04,566.0658333,571.8626923,-0.054354428,0.02957116,14.34,2,1,1,1
578.25,567.445,570.8653846,-0.050726422,0.028277329,13.79,2,1,1,1
571.63,568.2725,569.6980769,-0.026316686,0.026943796,8.28,2,1,1,1
568.32,568.8241667,568.425,-0.026465903,0.024728088,7.73,1,1,1,1
572.73,569.5133333,567.0242308,-0.009546044,0.022567151,6.62,1,2,1,1
576.59,570.6166667,566.6207692,-0.002870731,0.020081288,10.48,1,2,1,1
575.49,571.8583333,566.3023077,-0.004773022,0.015032526,3.86,1,2,2,1
574.39,572.5483333,566.4084615,-0.006675313,0.013620578,3.86,1,2,2,1
569.97,572.87,566.8115385,-0.014319066,0.012498866,1.1,1,2,2,1
570.53,572.7783333,567.6180769,-0.013350627,0.012468154,-5.51,1,2,2,2
570.53,572.7783333,568.3611538,-0.013350627,0.012288844,-7.72,1,2,2,2
571.08,572.9625,568.8707692,-0.012399481,0.010726785,-0.55,1,2,2,2
568.87,572.365,568.9342308,-0.016221358,0.009122688,0.55,1,2,2,1
566.66,571.3991667,568.9765385,-0.020043234,0.008976286,-6.07,1,1,2,2
558.94,570.3416667,568.7219231,-0.033393861,0.010494244,-17.65,1,1,2,2
551.77,568.9625,568.34,-0.045793342,0.011358022,-23.72,1,1,2,2
554.52,567.445,568.0638462,-0.041037613,0.012064746,-19.87,2,1,2,2
555.08,565.6525,567.8092308,-0.040069174,0.01228627,-14.89,2,1,2,2
558.39,564.2275,567.5757692,-0.034345006,0.012634815,-12.14,2,1,2,2
556.73,562.7558333,567.3211538,-0.037215737,0.013350534,-13.8,2,1,2,2
552.87,561.3308333,567.0242308,-0.043891051,0.016108118,-18.21,2,1,2,2
539.07,558.7091667,565.9842308,-0.067756161,0.020754183,-29.8,2,1,1,2
525.83,554.9841667,564.435,-0.090652832,0.024140591,-40.83,2,1,1,2
526.94,551.3058333,562.7161538,-0.088733247,0.026637826,-32,2,1,1,2
529.14,547.995,561.1242308,-0.084928664,0.028310063,-22.63,2,1,1,2
533.01,545.1908333,559.745,-0.075582303,0.030655167,-21.51,2,1,1,2
523.63,542.2483333,557.7292308,-0.091850362,0.032765245,-31.45,2,1,1,2
522.52,539.8108333,555.5857692,-0.093775473,0.034304158,-35.87,2,1,1,2
525.28,537.3741667,553.8030769,-0.088988709,0.035108671,-31.45,2,1,1,2
525.83,534.9366667,552.1688462,-0.086291682,0.035141596,-27.04,2,1,1,2
529.69,532.545,550.5134615,-0.077821689,0.035088286,-9.38,2,1,1,2
535.21,530.7516667,548.9219231,-0.062810815,0.034997386,9.38,2,1,1,1
536.87,529.4183333,547.4365385,-0.059904041,0.034384363,9.93,2,1,1,1
538.52,529.3725,546.0569231,-0.057014779,0.033162478,9.38,2,1,1,1
541.83,530.7058333,544.9746154,-0.051218743,0.031810002,8.82,2,1,1,1
545.14,532.2225,543.9980769,-0.041714276,0.030390358,21.51,2,1,1,1
542.94,533.3725,542.9369231,-0.041859316,0.029325683,20.42,2,1,1,1
537.97,533.7858333,541.6634615,-0.037517444,0.02829977,12.69,2,1,1,1
530.25,534.3375,540.1780769,-0.050394885,0.027017893,4.42,2,1,1,1
529.69,534.935,538.7561538,-0.051397769,0.025265233,0,2,1,1,0
530.8,535.395,537.6738462,-0.049409911,0.023780759,-4.41,2,1,1,2
524.73,535.3033333,536.6338462,-0.060280449,0.021782318,-12.14,2,1,1,2
532.45,535.5333333,535.785,-0.043611805,0.020497763,-6.07,2,1,1,2
538.52,535.8091667,535.1480769,-0.025955469,0.020016329,-3.31,1,1,1,2
544.04,536.4066667,534.5961538,-0.00201783,0.020096236,-1.1,1,2,1,2
555.08,537.7866667,534.5326923,0.018233848,0.021566606,12.14,1,2,1,1
565.56,539.7641667,535.0207692,0.018880161,0.026121701,27.59,1,2,1,1
584.32,543.0291667,536.7611538,0.033170663,0.029020734,54.07,1,2,1,1
578.8,546.0175,538.7984615,-0.009446878,0.032378904,49.11,1,2,1,1
582.66,549.7416667,540.9415385,-0.002840909,0.035851153,51.86,1,2,1,1
584.87,554.2933333,543.085,0.000941265,0.039036099,60.14,1,2,1,1
590.39,559.3516667,545.2919231,0.009437995,0.042146514,57.94,1,2,1,1
594.8,564.685,548.0292308,0.007469639,0.044340909,56.28,1,2,1,1
592.04,570.2941667,550.7030769,-0.004640215,0.046351711,48,1,2,1,1
593.15,575.3525,553.3134615,-0.002774042,0.047395056,38.07,1,2,1,1
593.15,579.905,555.9026923,-0.002774042,0.049098381,27.59,1,2,1,1
604.73,584.9625,558.7888462,0.016694687,0.050161147,20.41,1,2,1,1
602.53,588.9166667,561.3780769,-0.003637987,0.050679597,23.73,1,2,1,1
601.98,591.9516667,563.8823077,-0.004547484,0.050481376,19.32,1,2,1,1
594.8,592.825,566.0469231,-0.016420551,0.05016718,9.93,1,2,1,1
591.49,593.8825,567.9569231,-0.021894068,0.049566375,1.1,1,1,1,1
587.63,594.2966667,569.5911538,-0.028277082,0.048895174,-7.17,1,1,1,2
587.63,594.5266667,571.31,-0.028277082,0.048192104,-4.41,1,1,1,2
585.42,594.1125,573.135,-0.031931606,0.047507924,-7.73,1,1,1,2
583.77,593.1933333,575.1934615,-0.034660096,0.046439741,-9.38,1,1,1,2
576.59,591.9058333,576.9973077,-0.046533164,0.044936271,-28.14,1,1,1,2
582.11,590.9858333,578.9707692,-0.037405123,0.042377967,-20.42,1,1,1,2
578.25,589.7441667,581.0292308,-0.043788137,0.039361787,-23.73,1,1,1,2
578.8,587.5833333,582.8119231,-0.04287864,0.036100139,-16,1,1,1,2
584.32,586.0658333,584.5734615,-0.033750599,0.031255389,-7.17,1,1,1,2
589.84,585.0541667,586.335,-0.024622559,0.026649517,2.21,2,1,1,1
588.18,584.5025,587.6080769,-0.027367586,0.022574501,0.55,2,1,1,1
599.77,585.1925,588.9238462,-0.008202008,0.018158808,14.35,2,2,2,1
595.91,585.8825,589.3696154,-0.014585021,0.014801458,12.14,2,2,2,1
593.15,586.3425,589.9215385,-0.019149042,0.012859085,16.56,2,2,2,1
595.35,587.17,590.4096154,-0.015511055,0.012724455,13.24,2,2,2,1
589.84,587.6758333,590.6007692,-0.024622559,0.012207132,11.59,2,1,2,1
590.39,588.8258333,590.6007692,-0.023713062,0.01216507,11.59,2,1,2,1
583.22,588.9183333,590.1553846,-0.035569593,0.012789738,-1.1,2,1,2,2
576.59,588.78,589.5611538,-0.046533164,0.012931422,-13.25,2,1,2,2
583.77,589.1941667,589.2003846,-0.031135379,0.012864592,-4.41,2,1,2,2
586.53,589.3783333,588.9457692,-0.025665304,0.012871536,-13.24,1,1,2,2
586.53,589.1025,588.2457692,-0.022075129,0.012938841,-9.38,1,1,2,2
583.22,588.6891667,587.5030769,-0.027593911,0.013123066,-9.93,1,1,2,2
580.46,587.08,586.6753846,-0.032195675,0.012285985,-14.89,1,1,2,2
579.35,585.7,586.0811538,-0.034046384,0.011308943,-10.49,2,1,2,2
584.32,584.9641667,585.8053846,-0.025759875,0.010448693,-6.07,2,1,2,2
593.7,584.8266667,586.0388462,-0.010120546,0.011502369,10.48,2,2,2,1
603.63,585.9758333,586.6542308,0.0064358,0.014543172,27.04,2,2,2,1
615.22,588.045,587.8003846,0.019200504,0.017406248,31.45,1,2,2,1
617.98,590.9416667,589.1161538,0.0044862,0.019669072,31.45,1,2,2,1
617.98,594.3908333,590.7080769,0,0.022422811,31.45,1,2,1,1
624.6,597.7933333,592.3423077,0.010712321,0.026061259,41.38,1,2,1,1
634.53,601.7933333,594.5069231,0.015898175,0.029094963,54.07,1,2,1,1
638.39,606.115,596.7988462,0.006083243,0.031388386,59.04,1,2,1,1
636.19,610.5291667,598.7938462,-0.003446169,0.03279036,51.87,1,2,1,1
634.53,615.035,600.5126923,-0.006046461,0.033363651,40.83,1,2,1,1
629.56,619.2191667,602.1042308,-0.01383167,0.033997726,25.93,1,2,1,1
629.56,622.9891667,603.25,-0.01383167,0.035140718,14.34,1,2,1,1
635.08,626.4375,604.7565385,-0.005184918,0.036737784,17.1,1,2,1,1
643.36,629.7483333,606.6876923,0.00778521,0.038467439,25.38,1,2,1,1
644.46,632.185,608.5765385,0.001709774,0.038916724,19.86,1,2,1,1
631.77,633.3341667,610.1892308,-0.019690904,0.038673425,-2.76,1,2,1,2
620.74,633.5641667,611.3565385,-0.036806008,0.038335887,-17.65,1,1,1,2
608.05,632.185,612.3115385,-0.056496912,0.037763695,-28.14,1,1,1,2
612.46,630.3458333,613.6911538,-0.049653974,0.037323101,-22.07,1,1,1,2
621.84,628.9666667,615.1553846,-0.035099153,0.036335731,-7.72,1,1,1,2
623.49,627.9083333,616.5769231,-0.03253887,0.034445636,-6.07,1,1,1,2
608.6,625.7475,617.4257692,-0.055643484,0.033362573,-26.48,1,1,1,2
599.22,623.2191667,618.0411538,-0.070198306,0.032182789,-44.14,1,1,1,2
609.7,621.5641667,619.1657692,-0.053936629,0.030886629,-34.76,1,1,1,2
612.46,619.6791667,620.4392308,-0.049653974,0.029069335,-19.31,2,1,1,2
615.22,617.3341667,621.6276923,-0.045371319,0.026633892,-5.52,2,1,1,2
618.53,615.1733333,622.5826923,-0.040235236,0.023774787,10.48,2,1,1,1
610.25,613.38,622.8373077,-0.053083201,0.021819805,-2.21,2,1,1,2
601.42,611.77,622.3065385,-0.066784595,0.020927265,-20.42,2,1,1,2
602.53,611.31,621.7123077,-0.065062223,0.020837202,-20.96,2,1,1,2
604.73,610.6658333,621.2026923,-0.061648512,0.021123527,-3.87,2,1,1,2
608.05,609.5166667,620.5661538,-0.056496912,0.021130773,8.83,2,1,1,1
618.53,609.1033333,619.9507692,-0.040235236,0.021137298,8.83,2,1,1,1
618.53,609.9308333,619.1869231,-0.040235236,0.021201515,6.07,2,1,1,1
627.36,612.2758333,618.8473077,-0.026533842,0.02179512,12.14,2,1,1,1
642.25,614.9883333,619.1442308,-0.003429228,0.021932868,23.72,2,2,1,1
640.05,617.2875,619.5476923,-0.006842938,0.022698033,29.8,2,2,1,1
645.57,619.8166667,620.1634615,0.001722372,0.023621189,44.15,2,2,1,1
646.67,622.1616667,620.6092308,0.001703921,0.024378794,44.14,1,2,1,1
643.36,624.9208333,620.6092308,-0.00511853,0.025447001,38.63,1,2,1,1
647.77,628.7833333,620.7365385,0.001701022,0.026122105,39.72,1,2,1,1
646.12,632.4158333,621.2884615,-0.0025472,0.026746216,27.59,1,2,1,1
651.08,636.2783333,622.4553846,0.005109838,0.026998365,32.55,1,2,1,1
647.77,639.5883333,623.9830769,-0.005083861,0.027600675,20.41,1,2,1,1
644.46,641.7491667,625.2138462,-0.010167721,0.027933814,2.21,1,2,1,1
639.5,643.4966667,625.8930769,-0.017785833,0.027976736,-0.55,1,2,1,2
643.91,644.8758333,626.6784615,-0.011012472,0.028267251,-1.66,1,2,1,2
646.67,645.2441667,628.1426923,-0.006773361,0.029340561,0,1,2,1,0
654.95,646.4858333,630.2861538,0.00594397,0.030299939,11.59,1,2,1,1
654.95,647.2675,632.0265385,0,0.030792094,7.18,1,2,1,1
659.08,648.3016667,633.8196154,0.006305825,0.030893881,12.96,1,2,1,1
667.08,650.2783333,635.8142308,0.012138132,0.031761515,16,1,2,1,1
670.4,652.1641667,637.8092308,0.004976914,0.032451583,22.63,1,2,1,1
670.4,654.1875,640.1226923,0,0.032996966,25.94,1,2,1,1
670.4,655.7975,642.7757692,0,0.03338421,30.9,1,2,1,1
669.29,657.5908333,645.3434615,-0.001655728,0.032571518,25.38,1,2,1,1
663.77,659.2,647.6142308,-0.009889618,0.030498016,17.1,1,2,1,1
663.77,661.2225,649.7573077,-0.009889618,0.028041741,8.82,1,2,1,1
663.77,662.8775,651.4973077,-0.009889618,0.025191679,8.82,1,2,1,1
661.57,664.1191667,653.1526923,-0.013171241,0.022068855,2.49,1,2,1,1
658.81,664.4408333,654.3623077,-0.017288186,0.020138454,-8.27,1,2,1,2
664.88,665.2683333,655.2326923,-0.00823389,0.017999512,-5.52,1,2,2,2
669.84,666.165,656.3784615,-0.000835322,0.01618809,-0.56,1,2,2,2
661.02,665.66,656.9726923,-0.013991647,0.015804185,-9.38,1,2,2,2
648.88,663.8666667,657.0576923,-0.032100239,0.015541285,-20.41,1,1,2,2
643.36,661.6133333,657.0576923,-0.040334129,0.015823566,-20.41,1,1,2,2
641.15,659.1758333,656.8030769,-0.043630668,0.016043907,-22.62,1,1,2,2
642.81,656.9691667,656.6757692,-0.041154535,0.0157956,-20.96,1,1,2,2
648.32,655.6816667,656.5696154,-0.032935561,0.015662458,-13.25,2,1,2,2
659.91,655.36,657.0365385,-0.015647375,0.015644451,1.1,2,2,2,1
666.53,655.59,657.8853846,-0.005772673,0.015582031,1.65,2,2,2,1
661.02,655.5441667,658.7130769,-0.013991647,0.015325454,-8.82,2,2,2,2
656.6,655.36,659.2011538,-0.020584726,0.014833116,-4.42,2,1,2,2
658.26,654.8083333,659.6469231,-0.018108592,0.013844886,9.38,2,2,2,1
654.95,653.5675,659.6469231,-0.023045943,0.013160453,11.59,2,1,2,1
658.26,653.3375,659.7742308,-0.018108592,0.012652831,17.11,2,2,2,1
658.81,654.165,659.7638462,-0.017288186,0.012584504,16,2,2,2,1
661.02,655.6366667,659.5307692,-0.013991647,0.012897029,12.7,2,2,2,1
670.95,658.12,659.5519231,0.001657112,0.01331282,11.04,2,2,2,1
672.05,660.5566667,659.6153846,0.001639466,0.01456888,5.52,1,2,2,1
682.53,663.4075,660.0819231,0.015594078,0.015021103,21.51,1,2,2,1
677.02,664.8333333,660.3792308,-0.008072905,0.015740995,20.42,1,2,2,1
680.33,665.9833333,661.0161538,-0.003223302,0.01581637,22.07,1,2,2,1
672.05,666.9025,661.3346154,-0.015354636,0.016131953,17.1,1,2,2,1
675.36,668.4658333,661.7803846,-0.010505033,0.016929086,17.1,1,2,2,1
680.33,670.305,662.5019231,-0.003223302,0.017397485,21.52,1,2,2,1
677.02,672.1441667,663.2023077,-0.008072905,0.017543588,16,1,2,2,1
671.5,673.2475,663.4569231,-0.016160462,0.017618305,0.55,1,2,2,1
669.84,674.1666667,663.4569231,-0.018592589,0.017610622,-2.21,1,2,2,2
668.74,674.81,663.7538462,-0.02020424,0.017888932,-13.79,1,1,2,2
675.36,675.1775,664.7723077,-0.010505033,0.018146246,-1.66,1,2,2,2
676.46,675.545,666.0453846,-0.008893382,0.018114282,-3.87,1,2,2,2
665.43,674.12,666.9792308,-0.025053844,0.017544047,-6.62,1,1,2,2
661.57,672.8325,667.7007692,-0.030709273,0.017758896,-13.79,1,1,2,2
641.15,669.5675,667.425,-0.060627372,0.018536965,-39.18,1,1,2,2
634.53,666.4408333,666.4488462,-0.070326579,0.021712128,-42.49,2,1,1,2
619.08,661.7508333,664.6238462,-0.092962947,0.024134317,-52.42,2,1,1,2
623.49,657.0141667,663.1803846,-0.086501692,0.025499341,-46.35,2,1,1,2
633.98,653.4275,662.3103846,-0.071132404,0.028279877,-34.76,2,1,1,2
618.53,649.0133333,660.7823077,-0.093768772,0.031179431,-56.83,2,1,1,2
614.11,644.3691667,659.2115385,-0.100244678,0.033698682,-62.35,2,1,1,2
614.11,639.8166667,657.5134615,-0.100244678,0.036299521,-51.32,2,1,1,2
610.25,634.3908333,655.6457692,-0.105900107,0.037969595,-51.32,2,1,1,2
617.43,629.4716667,653.9692308,-0.095380423,0.039949717,-23.72,2,1,1,2
611.36,624.9658333,651.6773077,-0.101377273,0.042645773,-23.17,2,1,1,2
600.6,619.885,648.9292308,-0.117193127,0.044883599,-18.48,2,1,1,2
601.42,616.5741667,645.8096154,-0.115987829,0.046878105,-22.07,2,1,1,2
597.01,613.4475,642.7323077,-0.122469978,0.048069323,-36.97,2,1,1,2
601.98,612.0225,639.7188462,-0.115164699,0.048541655,-16.55,2,1,1,2
598.67,609.9541667,636.8965385,-0.115727748,0.049418103,-15.44,2,1,1,2
593.15,606.5516667,633.7346154,-0.123155841,0.049376542,-20.96,2,1,1,2
596.46,604.7125,630.5088462,-0.118262721,0.050515261,-13.79,2,1,1,2
583.77,602.1841667,626.9223077,-0.137022145,0.050982076,-33.66,2,1,1,2
582.66,599.5633333,623.5053846,-0.13866304,0.050123406,-28.7,2,1,1,2
588.18,597.7241667,620.3646154,-0.130502912,0.04955039,-12.42,2,1,1,2
581.01,594.6891667,616.9903846,-0.126865335,0.049238959,-20.41,2,1,1,2
576.59,591.7916667,613.1915385,-0.128452016,0.048421692,-20.42,2,1,1,2
577.7,589.8833333,609.3930769,-0.098962801,0.048204682,-24.28,2,1,1,2
564.46,586.8033333,605.5096154,-0.110428191,0.046138389,-34.21,2,1,1,2
567.22,584.3208333,601.8807692,-0.105303006,0.043462654,-25.93,2,1,1,2
561.15,580.9183333,598.8038462,-0.114877441,0.041485462,-35.31,2,1,1,2
558.94,577.6075,595.8965385,-0.118363355,0.038998455,-24.83,2,1,1,2
558.94,574.7566667,593.5834615,-0.096341325,0.03840473,-23.72,2,1,1,2
558.94,571.63,591.1007692,-0.094731387,0.037520338,-29.24,2,1,1,2
563.9,569.9741667,588.4053846,-0.086698087,0.037622304,-17.11,2,1,1,2
564.46,568.4575,586.3257692,-0.085791102,0.037113278,-12.13,2,1,1,2
562.8,566.3425,584.3523077,-0.088479666,0.034906618,-14.9,2,1,1,2
563.35,564.8708333,582.4,-0.078529835,0.033832472,-1.11,2,1,1,2
567.22,564.09,580.745,-0.057742782,0.032528677,0,2,1,1,0
577.15,564.0441667,579.1957692,-0.041247218,0.030944878,16,2,1,1,1
580.46,565.3775,578.0073077,-0.035748696,0.029536076,21.52,2,1,1,1
580.46,566.4808333,577.2326923,-0.035748696,0.027265166,21.52,2,1,1,1
592.04,569.055,576.8719231,-0.011074549,0.02528289,33.1,2,2,1,1
583.77,571.1241667,576.3626923,-0.021275526,0.024264442,19.87,2,1,1,1
575.49,572.5033333,575.3438462,-0.035157429,0.023030112,11.03,2,1,1,1
581.01,574.3425,574.6646154,-0.018630498,0.022183677,18.21,2,2,1,1
582.39,575.8833333,574.2507692,-0.016299574,0.021648377,19.04,1,2,1,1
597.01,578.5958333,574.2719231,0.008394703,0.021133629,29.79,1,2,1,1
593.15,581.125,574.6326923,-0.006465553,0.021995355,16,1,2,1,1
601.42,584.2975,575.3542308,0.007386811,0.022595574,20.96,1,2,1,1
601.98,587.1941667,575.885,0.00093113,0.023366564,21.52,1,2,1,1
596.46,588.8033333,576.4792308,-0.00916974,0.023747838,4.42,1,2,1,1
591.77,589.7458333,577.0630769,-0.016960696,0.023927072,8,1,2,1,1
591.77,590.6883333,577.6042308,-0.016960696,0.024164325,16.28,1,2,1,1
588.73,590.4125,578.5376923,-0.022010698,0.024145315,7.72,1,1,1,1
578.8,589.9983333,578.9830769,-0.038506263,0.024345701,-3.59,1,1,1,2
588.18,591.0558333,580.0226923,-0.02292435,0.024300892,-8.83,1,1,1,2
592.6,592.0216667,581.3173077,-0.015581913,0.024277397,-0.55,1,2,1,2
592.6,592.8725,582.6119231,-0.015581913,0.023752994,-8.82,1,2,1,2
593.7,592.5966667,583.9488462,-0.01375461,0.022760764,-8.28,1,2,1,2
592.6,592.5508333,585.0526923,-0.015581913,0.021706248,-3.86,1,2,1,2
595.91,592.0916667,586.2623077,-0.010083391,0.021059662,4.14,1,2,1,1
564.46,588.965,586.3261538,-0.062327652,0.021012104,-27.31,1,1,1,2
563.9,586.2516667,586.3473077,-0.063257916,0.021482129,-24.83,2,1,1,2
560.04,583.6075,586.0711538,-0.069670089,0.022695892,-18.76,2,1,1,2
552.87,580.3658333,585.1373077,-0.081580783,0.022913486,-35.31,2,1,1,2
561.15,578.0675,584.3946154,-0.067826174,0.02386162,-31.45,2,1,1,2
557.28,576.2741667,583.5030769,-0.074254959,0.025747675,-35.32,2,1,1,2
552.32,573.2858333,581.9753846,-0.082494435,0.027542174,-41.38,2,1,1,2
551.77,569.8833333,580.7446154,-0.083408087,0.029827925,-40.83,2,1,1,2
545.7,565.975,579.5988462,-0.093491478,0.031185966,-50.21,2,1,1,2
549.01,562.2508333,578.3680769,-0.087992957,0.032233002,-15.45,2,1,1,2
553.42,558.9858333,577.2538462,-0.080667132,0.033213174,-10.48,2,1,1,2
553.42,555.445,575.5773077,-0.080667132,0.033802854,-6.62,2,1,1,2
557.28,554.8466667,574.1976923,-0.065687557,0.034867072,4.41,2,1,1,1
549.01,553.6058333,572.1819231,-0.07870316,0.034726568,-12.14,2,1,1,2
553.97,553.1,570.3353846,-0.070379755,0.034952389,-3.31,2,1,1,2
550.11,552.87,568.5526923,-0.076857244,0.035236897,-2.21,2,1,1,2
537.97,550.9383333,566.4834615,-0.097229447,0.034470536,-13.8,2,1,1,2
545.14,549.9266667,564.69,-0.085197429,0.033383288,-0.56,2,1,1,2
556.18,550.2483333,563.4380769,-0.066671142,0.032547195,7.17,2,1,1,1
554.52,550.4775,562.5042308,-0.069456797,0.031494922,1.1,2,1,1,1
553.97,551.1666667,561.1884615,-0.070379755,0.030606742,0.55,2,1,1,1
551.77,551.3966667,559.6180769,-0.074071588,0.030195119,-5.51,2,1,1,2
557.28,551.7183333,558.2596154,-0.064825225,0.028874637,8.27,2,1,1,1
557.28,552.04,556.8588462,-0.012720122,0.026806808,3.31,2,2,1,1
555.08,551.8566667,555.4157692,-0.015641071,0.024368534,4.97,2,2,1,1
552.87,552.1783333,553.7603846,-0.014755413,0.021502377,14.9,2,2,1,1
544.04,551.3508333,552.975,-0.030490956,0.018349178,-1.1,2,1,2,2
538.52,550.385,551.9988462,-0.040327898,0.012649712,-17.66,2,1,2,2
536.87,550.2933333,551.1076923,-0.036624318,0.012991899,-17.65,2,1,2,2
536.87,549.6041667,550.4923077,-0.036624318,0.014283208,-17.1,2,1,2,2
529.14,547.3508333,549.2611538,-0.050495263,0.015294574,-22.63,2,1,2,2
530.8,545.3741667,548.2426923,-0.047516509,0.016264151,-26.48,2,1,2,2
532.45,543.5808333,547.4784615,-0.044555699,0.016254934,-24.83,2,1,2,2
535.21,542.2008333,546.8415385,-0.039603072,0.016691384,-19.87,2,1,2,2
532.45,540.1316667,546.3319231,-0.044555699,0.017035177,-20.42,2,1,2,2
535.21,538.2925,545.8011538,-0.039603072,0.017408949,-8.83,2,1,2,2
534.11,536.545,545.0584615,-0.041576945,0.017739689,-4.41,2,1,2,2
535.76,535.1191667,544.3792308,-0.038616136,0.017816944,-1.11,2,1,2,2
539.07,534.705,543.6788462,-0.032676572,0.017582235,2.2,2,1,2,1
546.25,535.3491667,543.5726923,-0.019792564,0.017332438,17.11,2,2,2,1
546.25,536.1308333,543.2757692,-0.019792564,0.017077221,15.45,2,2,2,1
553.97,537.5558333,543.4242308,-0.005939564,0.017056124,21.52,2,2,2,1
547.9,539.1191667,543.8061538,-0.016831754,0.016715637,12.69,2,2,2,1
546.25,540.4066667,543.8488462,-0.019792564,0.0167223,13.8,2,2,2,1
550.11,541.8783333,543.6153846,-0.012866064,0.017192281,14.9,2,2,2,1
557.28,543.7175,543.7215385,0,0.017511016,23.17,2,2,2,1
554.52,545.5566667,543.7426923,-0.004952627,0.017540744,18.76,1,2,2,1
556.73,547.35,543.9334615,-0.000986937,0.018116296,17.66,1,2,2,1
561.15,549.6033333,544.0823077,0.006944444,0.018747973,14.9,1,2,2,1
561.7,551.765,544.2523077,0.00098013,0.019383806,15.45,1,2,2,1
561.15,553.605,544.4857692,-0.00097917,0.019371196,7.18,1,2,2,1
557.28,554.5241667,544.6553846,-0.007868969,0.019585482,9.38,1,2,2,1
560.04,555.6733333,545.2707692,-0.002955314,0.019617552,13.79,1,2,2,1
555.63,555.8116667,545.9288462,-0.01080648,0.01989498,5.52,1,2,2,1
557.83,556.6391667,546.735,-0.006889799,0.020240742,0.55,1,2,1,1
557.28,557.5583333,547.52,-0.007868969,0.020912395,2.76,1,2,1,1
564.46,558.7541667,548.8784615,0.004913655,0.022855082,7.73,1,2,1,1
577.15,560.41,550.6611538,0.022481664,0.024498082,16,1,2,1,1
578.25,562.3875,552.4226923,0.001905917,0.025128777,16.55,1,2,1,1
578.8,564.2266667,554.0992308,0.000951146,0.026852787,17.65,1,2,1,1
588.73,566.525,556.2638462,0.017156185,0.029294341,31.45,1,2,1,1
596.46,569.4216667,558.6196154,0.013129958,0.029970151,36.42,1,2,1,1
586.53,571.5366667,560.6357692,-0.016648225,0.029622338,30.9,1,2,1,1
582.66,573.6516667,562.4396154,-0.023136505,0.028706098,24.83,1,1,1,1
574.94,574.8933333,563.8192308,-0.036079536,0.030666538,17.66,1,1,1,1
605.29,579.0316667,566.09,0.01480401,0.03287595,40.83,1,2,1,1
610.8,583.4458333,568.5726923,0.009103075,0.036143119,33.65,1,2,1,1
621.29,588.78,571.1619231,0.017174198,0.039327055,43.04,1,2,1,1
623.49,593.6991667,574.0692308,0.003541019,0.040987077,44.69,1,2,1,1
617.98,597.1016667,576.8280769,-0.008837351,0.043167386,29.25,1,2,1,1
622.94,600.8258333,579.6292308,-0.000882131,0.044262279,26.48,1,2,1,1
621.29,604.3666667,582.0911538,-0.003528525,0.044449989,34.76,1,2,1,1
618.53,606.85,584.5530769,-0.00795522,0.045021105,35.87,1,2,1,1
624.05,609.1491667,587.1423077,0.00089817,0.04610167,49.11,1,2,1,1
628.46,612.6433333,589.7311538,0.007066741,0.048282837,23.17,1,2,1,1
645.01,617.8391667,592.9353846,0.026334214,0.049899555,34.21,1,2,1,1
645.01,623.6783333,596.1607692,0,0.050064326,23.72,1,2,1,1
632.32,625.9308333,599.0469231,-0.019674114,0.050043791,8.83,1,2,1,1
633.98,627.8625,601.8907692,-0.01710051,0.049370781,16,1,2,1,1
629.56,628.5516667,604.7342308,-0.023953117,0.04835771,6.62,1,1,1,1
635.08,629.5175,607.7053846,-0.01539511,0.047630819,13.79,1,2,1,1
641.7,631.4941667,610.9523077,-0.005131703,0.045683318,23.17,1,2,1,1
637.84,632.7358333,613.7746154,-0.011116107,0.043436653,13.79,1,2,1,1
638.39,634.1608333,616.13,-0.010263407,0.040630586,9.93,1,2,1,1
640.05,635.9541667,618.5069231,-0.007689803,0.038252787,-4.96,1,2,1,2
642.81,637.5175,620.9688462,-0.0034108,0.036303106,-2.2,1,2,1,2
632.32,637.8391667,622.6453846,-0.019674114,0.034073555,0,1,2,1,0
630.12,636.5983333,623.94,-0.023084913,0.031475483,-3.86,1,1,1,2
616.87,634.2533333,625.1069231,-0.043627231,0.029722742,-12.69,1,1,1,2
618.53,633.1041667,626.4865385,-0.041053627,0.028570507,-16.55,1,1,1,2
620.74,632.0008333,628.2480769,-0.037627324,0.026234739,-20.96,1,1,1,2
618.53,631.0816667,628.7573077,-0.041053627,0.023411305,-19.31,1,1,1,2
608.05,628.8291667,628.6515385,-0.057301437,0.018540339,-30.34,1,1,2,2
606.39,625.8866667,628.0784615,-0.059875041,0.018505383,-33.66,2,1,2,2
605.29,623.1741667,627.3784615,-0.061580441,0.0188332,-37.52,2,1,2,2
606.94,620.5533333,626.9538462,-0.059022341,0.020192411,-25.38,2,1,1,2
601.42,617.3341667,626.1261538,-0.067580348,0.020866179,-28.7,2,1,1,2
608.05,614.4375,625.6169231,-0.057301437,0.021157458,-8.82,2,1,1,2
611.91,612.7366667,625.3623077,-0.051317034,0.021336566,-6.62,2,1,1,2
615.77,611.5408333,625.0438462,-0.045332631,0.021368553,-4.97,2,1,1,2
620.18,611.8166667,624.7253846,-0.035204804,0.021555078,1.65,2,1,1,1
613.56,611.4025,623.5157692,-0.045503337,0.021581037,5.51,2,1,1,1
620.74,611.4025,622.5823077,-0.034333629,0.021863348,14.35,2,1,1,1
611.91,610.8508333,621.7973077,-0.048070192,0.021273067,6.62,2,1,1,1
609.15,610.9425,620.8423077,-0.05236384,0.020818618,2.21,2,1,1,1
604.18,610.7583333,619.8661538,-0.060095518,0.020739079,2.76,2,1,1,1
611.91,611.31,618.975,-0.048070192,0.020344434,3.86,2,1,1,1
619.08,612.3216667,618.105,-0.036916041,0.020183056,7.17,2,1,1,1
623.49,614.1608333,617.5530769,-0.030055537,0.020084003,7.72,2,1,1,1
633.43,616.2758333,617.3623077,0.00175544,0.01925341,13.25,2,2,2,1
631.22,617.885,617.0226923,-0.003488941,0.019312684,17.66,1,2,2,1
638.39,619.77,616.8526923,0.007830384,0.019173625,17.65,1,2,2,1
636.74,621.15,617.0226923,-0.002584627,0.01824367,24.83,1,2,2,1
627.36,622.3,616.9165385,-0.01727784,0.016977792,18.21,1,2,2,1
629.01,622.9891667,617.3834615,-0.014693213,0.016550679,24.83,1,2,2,1
624.6,624.0466667,617.6169231,-0.021601216,0.016257874,12.69,1,1,2,1
624.6,625.3341667,617.7653846,-0.021601216,0.016272715,5.52,1,1,2,1
615.77,626.3,617.6592308,-0.035432886,0.016275408,-7.72,1,1,2,2
615.77,626.6216667,617.9561538,-0.035432886,0.016251122,-17.66,1,1,2,2
617.43,626.4841667,618.3807692,-0.032832594,0.016411738,-13.79,1,1,2,2
625.15,626.6225,619.1446154,-0.020739673,0.016389323,-13.24,1,1,2,2
627.91,626.1625,619.9511538,-0.016416297,0.0162803,-8.83,1,2,2,2
630.12,626.0708333,621.055,-0.012954464,0.015680924,2.76,1,2,2,1
622.39,624.7375,621.6065385,-0.025063049,0.015231377,-6.62,1,1,2,2
626.25,623.8633333,622.1580769,-0.019016589,0.014032129,1.65,1,2,2,1
624.05,623.5875,622.4765385,-0.022462758,0.013394279,-0.55,1,1,2,2
622.94,623.0816667,622.5826923,-0.024201507,0.013028477,7.17,1,1,2,1
620.74,622.76,622.8588462,-0.027647676,0.012904518,4.97,2,1,2,1
625.7,622.8516667,623.0496154,-0.019878131,0.013116498,8.27,2,2,2,1
